ticker,ask_exchange,ask_price,bid_exchange,bid_price,participant_timestamp
C:AED-AUD,48,0.375421450808589,48,0.375217056388658,1698043576810175745
C:AED-BHD,48,0.1025534469224731,48,0.1024351997048243,1641974272840629444
C:AED-CAD,48,0.372395478687185,48,0.372192731727236,1590490688258395374
C:AED-CHF,48,0.2116177780588783,48,0.2115025648953781,1691397921446399444
C:AED-DKK,48,1.725596804728263,48,1.723607139562771,1591894455317999731
C:AED-EUR,48,0.230872235304982,48,0.230606032653814,1495527825199530983
C:AED-GBP,48,0.1997713388061043,48,0.1996625753168945,1612160719850355413
C:AED-INR,48,25.7185074220346,48,25.7045052402341,1623728226444119349
C:AED-JPY,48,42.6623995642108,48,42.6391724513407,1492128287402346080
C:AED-NOK,48,2.50808052823567,48,2.50518863573471,1607491839680349952
C:AED-NZD,48,0.456457701877517,48,0.456209188088554,1493033316136184652
C:AED-PKR,48,75.9304130026408,48,75.7942882034249,1527308634902065265
C:AED-SAR,48,1.01554924504779,48,1.014378286135965,1646732460550754420
C:AED-SEK,48,2.50537932308261,48,2.50249054515266,1599949169748034993
C:AED-USD,48,0.272368241862999,48,0.272219953722608,1524449471732720064
C:AED-ZAR,48,4.47708100748809,48,4.47367188563649,1487267232809163228
C:AFN-GBP,48,0.0118375,48,0.01112007575757576,1597923292761220762
C:ALL-EUR,48,0.01076426264800861,48,0.01021450459652707,1539017171136650838
C:ALL-GBP,48,0.00930861141011841,48,0.00883319713993871,1755233082257111266
C:ALL-USD,48,0.01269698600645856,48,0.0120485188968335,1467889410141533841
C:AMD-GBP,48,0.002138402571711177,48,0.00186212316968131,1613960561542873455
C:ARS-AUD,48,0.000985967885776763,48,0.000985962507081967,1726585894559957710
C:ARS-BRL,48,0.00350573899769988,48,0.00350571987304037,1625702513191366717
C:ARS-CAD,48,0.000975936244586323,48,0.000975930920616571,1691585984541052522
C:ARS-CHF,48,0.000554764911367874,48,0.000554761884990255,1606045785210730227
C:ARS-CLP,48,0.648620681316383,48,0.631565020716232,1643212380972651605
C:ARS-COP,48,2.70831707715682,48,2.64740400358486,1661397095833462011
C:ARS-EUR,48,0.000606141461658007,48,0.000606138155008802,1667237071405722603
C:ARS-GBP,48,0.000524706356284253,48,0.000524703493883369,1498906335110866035
C:ARS-HKD,48,0.00558396911006129,48,0.00558393864815068,1642602765739218562
C:ARS-JPY,48,0.1118912892562214,48,0.1118906788620047,1739985299645663998
C:ARS-MXN,48,0.01228057754855663,48,0.01228051055501707,1581308212760746744
C:ARS-PEN,48,0.00251390424106326,48,0.00241692187173063,1689389128970950930
C:ARS-SGD,48,0.000904517626866469,48,0.000904512692502659,1478774896583836540
C:ARS-USD,48,0.000713249688640285,48,0.000713245797689632,1556474386639042300
C:ARS-ZAR,48,0.01172441245041233,48,0.01172434849088874,1715738360654466195
C:AUD-AED,48,2.66658467593162,48,2.66351002336736,1599841217544285963
C:AUD-ARS,48,1014.237349612389,48,1014.231816700786,1576539449197825792
C:AUD-BRL,48,3.55971214124351,48,3.55148634773399,1522706580018543052
C:AUD-CAD,48,0.99004,48,0.98971,1547251688539288605
C:AUD-CHF,48,0.56279,48,0.5626,1617323602074945942
C:AUD-CLP,48,645.8182728,48,645.764712,1674864985759020348
C:AUD-CNH,48,4.91558,48,4.91481,1773180478494401003
C:AUD-CNY,48,4.91987739912414,48,4.91951569662457,1477519269213635102
C:AUD-CZK,48,14.963,48,14.94,1581914578249015199
C:AUD-DKK,48,4.5944,48,4.5936,1675587765089489765
C:AUD-EUR,48,0.61482,48,0.61476,1631301353710182184
C:AUD-FJD,48,1.592399828985527,48,1.575132930297726,1517869851987777576
C:AUD-GBP,48,0.5323,48,0.5319,1607097197658360996
C:AUD-HKD,48,5.6641,48,5.66345,1760196856599779378
C:AUD-HUF,48,218.83,48,217.99,1538941887559875268
C:AUD-IDR,48,12572.11639039823,48,12561.98459040597,1649824019358905843
C:AUD-ILS,48,2.102295635599354,48,2.100991751599602,1755183405918309487
C:AUD-INR,48,68.574591071209,48,68.4762021891526,1737149179805354586
C:AUD-JPY,48,113.492,48,113.473,1773457362172045260
C:AUD-KRW,48,1058.03060577338,48,1056.583775776767,1713957547445922540
C:AUD-MAD,48,6.5979552,48,6.597408,1591017482855668793
C:AUD-MXN,48,12.4585,48,12.4529,1764902556072713069
C:AUD-MYR,48,2.83759718322278,48,2.83397918349917,1590275505736099236
C:AUD-NOK,48,6.66795772699607,48,6.66076467658939,1557422459048277016
C:AUD-NZD,48,1.21606,48,1.21585,1661705700058487536
C:AUD-PGK,48,3.24455652601796,48,3.14614343707713,1479644721306831518
C:AUD-PHP,48,43.7910869665552,48,43.7766129665663,1644602960950235478
C:AUD-PKR,48,202.2861546187784,48,201.9235046463532,1607331257993853336
C:AUD-PLN,48,2.6079,48,2.6043,1528252809144659722
C:AUD-SEK,48,6.6917,48,6.6882,1600589005781572387
C:AUD-SGD,48,0.91749,48,0.91731,1489007551569243677
C:AUD-THB,48,23.3849029112784,48,23.3418684929654,1551567428126460778
C:AUD-TRY,48,32.8501905815812,48,32.7747694577647,1751878621929674113
C:AUD-TWD,48,22.6742446826829,48,22.6525336826995,1572861255302450191
C:AUD-USD,48,0.72346,48,0.7234,1681789199072697494
C:AUD-ZAR,48,11.8954,48,11.8851,1658137786627063313
C:AWG-GBP,48,0.409475592747559,48,0.40495724137931,1675942403256380481
C:AWG-USD,48,0.557880055788006,48,0.551724137931035,1725152018454975010
C:BAM-GBP,48,0.451624190515981,48,0.433077924679487,1714816565308765469
C:BAM-USD,48,0.616017338625444,48,0.59072015224359,1645849750306482005
C:BBD-EUR,48,0.43114598603087,48,0.413325617921799,1516395651201750120
C:BBD-GBP,48,0.372842114339916,48,0.357431594610234,1718675091200232652
C:BBD-USD,48,0.508558247822713,48,0.487538232619658,1591666564936928958
C:BDT-GBP,48,0.00606643283058576,48,0.0059170030790284,1654824832735097160
C:BDT-JPY,48,1.296069162523441,48,1.264144092492073,1715036583440869041
C:BDT-USD,48,0.0082746404770256,48,0.00807081765309613,1711163395815568499
C:BHD-EUR,48,2.3191094619666,48,2.187226596675416,1772581134894329159
C:BHD-PKR,48,739.003709591945,48,737.678855325914,1469137072119196148
C:BHD-USD,48,2.73550556586271,48,2.57994313210849,1527530927759108616
C:BIF-USD,48,0.000339585432560818,48,0.000334197478396373,1597301259061374234
C:BMD-BBD,48,2.05127429242051,48,1.966489870976329,1599983621265569606
C:BMD-CAD,48,1.365420584054465,48,1.364921818499215,1551104280608973866
C:BMD-EUR,48,0.852224305437191,48,0.847888756995082,1638007645685312543
C:BMD-GBP,48,0.733802494116161,48,0.733770107617369,1485268883140879038
C:BMD-KYD,48,0.835520709050622,48,0.831270137357979,1714156710212704753
C:BND-GBP,48,0.589602509033886,48,0.570165490868333,1696050780777010885
C:BND-USD,48,0.804220358628213,48,0.777708182237753,1718695313311607530
C:BOB-GBP,48,0.1090641947282129,48,0.1038263897226558,1635427818351490058
C:BOB-USD,48,0.1487640307731114,48,0.1416196422139512,1733137236825967547
C:BRL-ARS,48,285.3545,48,285.1825,1593023558381943537
C:BRL-AUD,48,0.2815,48,0.2811,1644288929822128900
C:BRL-CAD,48,0.2787559125,48,0.2781117625,1767954619630653015
C:BRL-CHF,48,0.1585,48,0.1581,1717822013434264717
C:BRL-CLP,48,181.6773,48,181.5847,1580208579334514323
C:BRL-COP,48,763.3,48,762.9,1619438663863184724
C:BRL-EUR,48,0.1731,48,0.1727,1586183558705467404
C:BRL-HKD,48,1.5934,48,1.5924,1629480502215373300
C:BRL-JPY,48,31.927,48,31.909,1523090114231213832
C:BRL-KRW,48,297.850174612754,48,297.332675308406,1669895738182697521
C:BRL-MXN,48,3.5052,48,3.5012,1703841383685093076
C:BRL-PEN,48,0.6993,48,0.6987,1465385799610202446
C:BRL-RSD,48,20.45329750550725,48,20.03929806202899,1631091453478773795
C:BRL-RUB,48,15.15833238,48,15.12330446,1541272886119276296
C:BRL-SEK,48,1.88216823,48,1.87781891,1640124587246468284
C:BRL-SGD,48,0.2583266505,48,0.2577297085,1768620347407203740
C:BRL-USD,48,0.203529196263204,48,0.2034049996948925,1741299102240504117
C:BRL-ZAR,48,3.3467,48,3.3422,1707216601569196905
C:BSD-GBP,48,0.739498888318796,48,0.730750380260267,1689330257002372810
C:BSD-USD,48,1.00867966478536,48,0.996746662159878,1470202129813236740
C:BTN-GBP,48,0.00785504718823519,48,0.00771489236423977,1740879998447623790
C:BWP-CHF,48,0.0585934501727005,48,0.0574182023317037,1521894157860783963
C:BWP-EUR,48,0.0639631572214404,48,0.0626802055910743,1572136468028254778
C:BWP-GBP,48,0.0553134194703851,48,0.0542039613889934,1678623223146737979
C:BWP-USD,48,0.0754477421005501,48,0.0739344365049517,1726139834735775179
C:BWP-ZAR,48,1.225061415727492,48,1.224048372799797,1542042311688274031
C:BZD-USD,48,0.509304835924007,48,0.488224337748344,1567285532436533491
C:CAD-AED,48,2.68398742965724,48,2.68300701344243,1501252270282136124
C:CAD-ARS,48,1024.66268756832,48,1024.657097783961,1511026370827113226
C:CAD-AUD,48,1.01025,48,1.01011,1497140264478172196
C:CAD-BMD,48,0.732642695315355,48,0.732375073056692,1624901619240358685
C:CAD-BRL,48,3.59567675603077,48,3.58736785538136,1504594002516796507
C:CAD-CHF,48,0.569,48,0.568,1463344682594186424
C:CAD-CNY,48,4.97011064178079,48,4.96974524620354,1587471054458977447
C:CAD-COP,48,2758.18858560794,48,2696.15384615385,1702943275095939034
C:CAD-CZK,48,15.10487466198933,48,15.09935710111046,1524269793592191610
C:CAD-DKK,48,4.6411,48,4.6403,1732478155035436657
C:CAD-EUR,48,0.62109,48,0.621,1736461419218938150
C:CAD-GBP,48,0.53762,48,0.53753,1492689184881744649
C:CAD-HKD,48,5.72229743997416,48,5.72091246723888,1637317002580832140
C:CAD-HUF,48,220.5802821018782,48,220.499707773232,1492408322261811299
C:CAD-IDR,48,12694.65453615404,48,12684.42398333882,1625507082800674824
C:CAD-ILS,48,2.119480823028435,48,2.118370596527621,1664129422553975642
C:CAD-INR,48,69.1786600496278,48,69.0794044665012,1733918755021716714
C:CAD-JPY,48,114.665,48,114.624,1672264938976192557
C:CAD-KRW,48,1068.814697617995,48,1067.353120649525,1637208238669682616
C:CAD-KWD,48,0.225205539518398,48,0.2244747323418716,1463395306900274582
C:CAD-KYD,48,0.609046353533019,48,0.608823878973722,1719305287196158793
C:CAD-MXN,48,12.5847489522167,48,12.58010106952458,1630896601640617148
C:CAD-MYR,48,2.86582892722337,48,2.86217493139623,1678722638041285979
C:CAD-NOK,48,6.73610270073877,48,6.72883613903355,1636660864032017957
C:CAD-NZD,48,1.22856,48,1.22809,1674078606443489696
C:CAD-PEN,48,2.57282878411911,48,2.47357320099256,1774152607202000248
C:CAD-PKR,48,203.9861034924118,48,203.6204059243006,1636643899536082367
C:CAD-PLN,48,2.63346,48,2.63182,1730333032040799128
C:CAD-RUB,48,54.3863429961215,48,54.3811764028301,1464054878301272456
C:CAD-SAR,48,2.78511166253102,48,2.69205955334988,1543360759636710442
C:CAD-SEK,48,6.7602,48,6.7558,1467728775443368856
C:CAD-SGD,48,0.926859261605538,48,0.926728836139034,1680156108769720043
C:CAD-THB,48,23.6249130477989,48,23.5814369472324,1556823800316481112
C:CAD-TRY,48,33.1864208878841,48,33.1102278091074,1528990172201139996
C:CAD-TWD,48,22.8952464467098,48,22.8733238335343,1777943585323950499
C:CAD-USD,48,0.73083,48,0.73076,1745000812284038846
C:CAD-VND,48,19242.93566306212,48,19240.01009321597,1685397653830500420
C:CAD-ZAR,48,12.0166,48,12.006,1736822807139984546
C:CDF-GBP,48,0.000319327203574462,48,0.000313538305355136,1585771948095194881
C:CDF-USD,48,0.000435563679332373,48,0.000427667597258983,1728754133833813595
C:CHF-AED,48,4.72807504956103,48,4.72550089681865,1733932857848282778
C:CHF-ARS,48,1802.575171539705,48,1802.565338053407,1699211121608290773
C:CHF-AUD,48,1.777461784571632,48,1.776861706853356,1666719960669889184
C:CHF-BRL,48,6.32614956243573,48,6.31153107702283,1551357517069021201
C:CHF-BWP,48,17.41607990830195,48,17.06675399814421,1718399412180351435
C:CHF-CAD,48,1.75948,48,1.75907,1700902631108872990
C:CHF-CLP,48,1147.742906000489,48,1147.654371777895,1705638086432089948
C:CHF-CNY,48,8.74394924112395,48,8.74330639821547,1532086976265839482
C:CHF-CZK,48,26.5942,48,26.5505,1514162699973313748
C:CHF-DKK,48,8.1655,48,8.1632,1555382141340675068
C:CHF-EUR,48,1.092657342657343,48,1.092299290005462,1573207214327125831
C:CHF-GBP,48,0.94588,48,0.94563,1743792747468875729
C:CHF-HKD,48,10.06721100681497,48,10.06646521795037,1594411633262001025
C:CHF-HUF,48,389.443,48,386.828,1595964247826444516
C:CHF-IDR,48,22331.91926982903,48,22313.92209795604,1648854014785569829
C:CHF-ILS,48,3.73333333333333,48,3.7310178485287,1724744968263607487
C:CHF-INR,48,121.7357131160963,48,121.5610501610174,1696794885302269841
C:CHF-JPY,48,201.6941652097902,48,201.6280720917531,1502710412117246421
C:CHF-KRW,48,1880.609489520381,48,1878.037803780378,1777220689824050943
C:CHF-MXN,48,22.1422,48,22.1297,1465080725536867996
C:CHF-MYR,48,5.04295157017566,48,5.03652169440086,1609050760015295939
C:CHF-NOK,48,11.85523,48,11.83427,1701842290251056823
C:CHF-NZD,48,2.16148,48,2.16044,1764956624016159572
C:CHF-PKR,48,359.128295035938,48,359.010612361432,1514235665779523554
C:CHF-PLN,48,4.63324,48,4.6299,1476373169861915881
C:CHF-RON,48,5.71230235248747,48,5.69944722972104,1728463666240843946
C:CHF-RSD,48,129.436166148136,48,126.816221821953,1702694145618468871
C:CHF-RUB,48,95.6856130756841,48,95.6782321096831,1464523286072702492
C:CHF-SEK,48,11.893,48,11.8854,1765953666127363312
C:CHF-SGD,48,1.63066,48,1.63015,1466077994453168334
C:CHF-SZL,48,21.27285628513727,48,20.8361988974401,1485813597370115837
C:CHF-THB,48,41.5604564897923,48,41.4839742364066,1507010136055969961
C:CHF-TRY,48,58.3810371859516,48,58.2469995028762,1640555310337423755
C:CHF-TWD,48,40.2763851394781,48,40.2378197711788,1613648385134412257
C:CHF-USD,48,1.285762674825175,48,1.285341343528127,1511065670701332048
C:CHF-ZAR,48,21.1417,48,21.121,1710862972947228612
C:CLP-ARS,48,1.583368247446544,48,1.541733140501301,1644531377748831487
C:CLP-AUD,48,0.001548551634081857,48,0.001548423205284073,1544296091883162562
C:CLP-BRL,48,0.0055911858666038,48,0.00544416408447434,1478887088159133305
C:CLP-CHF,48,0.000871342474346911,48,0.000871275261011785,1667301057086748869
C:CLP-CNY,48,0.00773670153807345,48,0.00753326282666782,1484382198543488361
C:CLP-COP,48,4.24003935071323,48,4.12854634073045,1588111617979128469
C:CLP-EUR,48,0.00095,48,0.00095,1760503839501826070
C:CLP-GBP,48,0.000824056386710913,48,0.00082402001684111,1501809056903628589
C:CLP-MXN,48,0.0197578195075374,48,0.01923828216710649,1535544448723571982
C:CLP-PEN,48,0.00392291889702266,48,0.00381976465726924,1488513976340710694
C:CLP-USD,48,0.00112,48,0.00112,1682066756376593706
C:CNH-HKD,48,1.152320395637391,48,1.152306827313966,1688533165426481629
C:CNH-JPY,48,23.0899,48,23.0871,1718098769283663354
C:CNH-USD,48,0.1471865294888212,48,0.1471847963992712,1664304091354024590
C:CNY-AUD,48,0.2032843022313715,48,0.203256810440025,1707978469040055781
C:CNY-CAD,48,0.2012136704922251,48,0.2011886779546374,1713367697395463538
C:CNY-CHF,48,0.1144033408079991,48,0.1143658520016175,1477171312225850431
C:CNY-CLP,48,132.7446052273646,48,129.254049038709,1625598318481760304
C:CNY-DKK,48,0.933828394970958,48,0.933759741214527,1756995494080072940
C:CNY-EUR,48,0.1249672818175134,48,0.1249580943978827,1529453948204570675
C:CNY-GBP,48,0.1081758694213661,48,0.1081679164828702,1639837610965820163
C:CNY-HKD,48,1.151368717862001,48,1.151090051067897,1681232287140278784
C:CNY-INR,48,13.90188799764732,48,13.88194196228357,1766078576639376339
C:CNY-JPY,48,23.0679361811631,48,23.0662402587855,1588419255027838173
C:CNY-KRW,48,215.057162812925,48,214.7630776017351,1739101211473921394
C:CNY-NZD,48,0.247205226629416,48,0.247118689115171,1629625998429267569
C:CNY-SGD,48,0.1864867845458222,48,0.1864529647465353,1622091693762389467
C:CNY-USD,48,0.1470480111756488,48,0.1470372004117042,1564952105479090135
C:CNY-ZAR,48,2.41768628460096,48,2.41584531117891,1770934933441912877
C:COP-ARS,48,0.375276124835085,48,0.375274077612484,1624811595983119236
C:COP-BRL,48,0.001317134788224615,48,0.001314091149199255,1548021022376463624
C:COP-CAD,48,0.000370898716119829,48,0.000362556790067923,1609087443702266263
C:COP-CLP,48,0.242216004731359,48,0.23584686774942,1501815068800445085
C:COP-DKK,48,0.001719720675532649,48,0.001681042238315865,1559621734501347054
C:COP-MXN,48,0.00460948091533597,48,0.00460759292115918,1656536003852509015
C:COP-USD,48,0.000270753761906953,48,0.000264664207637983,1487318159083103837
C:COP-ZAR,48,0.00445048548157011,48,0.00435038909630696,1700624545739094256
C:CRC-GBP,48,0.001600392250148648,48,0.001600321616562511,1643352992045293284
C:CRC-USD,48,0.00223908504176158,48,0.002126081470800288,1689670902018050053
C:CUP-USD,48,0.0418220819741881,48,0.0417333003113501,1573833412660132206
C:CZK-CAD,48,0.0662279852912715,48,0.0662037933036578,1719968492490802333
C:CZK-CHF,48,0.037664,48,0.037602,1548943786477815719
C:CZK-DKK,48,0.307484,48,0.307014,1548827726954966912
C:CZK-EUR,48,0.041148,48,0.041087,1722349381772154771
C:CZK-JPY,48,7.59552554480216,48,7.58419718390875,1705756807286714056
C:CZK-MXN,48,0.8338,48,0.83229,1763862469645884336
C:CZK-NOK,48,0.446182,48,0.445291,1552196159358087153
C:CZK-PLN,48,0.174472,48,0.174128,1732238493248975352
C:CZK-SEK,48,0.447537165072336,48,0.447320064718931,1689136548015229636
C:CZK-USD,48,0.0484191158669443,48,0.0483488855581879,1657210753341486850
C:CZK-ZAR,48,0.795828693168063,48,0.794674370255766,1540660141942087987
C:DJF-GBP,48,0.00421859602907459,48,0.00404117014813776,1735415239776772997
C:DKK-AED,48,0.580178613238787,48,0.579509649797639,1743596742607913783
C:DKK-AUD,48,0.217696,48,0.21766,1526040973561184432
C:DKK-CAD,48,0.215503,48,0.215465,1515033495305666071
C:DKK-CHF,48,0.122502,48,0.12246800000000001,1480678920498369930
C:DKK-CNY,48,1.070939296118416,48,1.07086056216046,1584002211154354579
C:DKK-COP,48,594.869050406395,48,581.489781583437,1480099536311030422
C:DKK-CZK,48,3.2572,48,3.2522,1647037986597388887
C:DKK-EUR,48,0.1338293942881615,48,0.1338168582478021,1716723865633690364
C:DKK-GBP,48,0.1158480074142725,48,0.115830563052367,1539191111987611880
C:DKK-HKD,48,1.233006135790326,48,1.232707710219403,1502104149125273120
C:DKK-HUF,48,47.6928733909009,48,47.3909938482398,1661883750310515172
C:DKK-INR,48,14.86903393433588,48,14.86895520037792,1702597142133804031
C:DKK-ISK,48,19.50697394387397,48,18.97180319095562,1525345815790504587
C:DKK-JPY,48,24.7043,48,24.7012,1581397018165704744
C:DKK-MXN,48,2.71193,48,2.7107,1523382695920928508
C:DKK-MYR,48,0.61767578125,48,0.616888230846774,1698108354292973116
C:DKK-NOK,48,1.4511066933,48,1.4503495699,1770221074675436708
C:DKK-NZD,48,0.264733,48,0.264636,1509233986231287588
C:DKK-PHP,48,9.52838359184316,48,9.52523423352492,1587233090701607576
C:DKK-PKR,48,43.8822352931913,48,43.8785729582646,1648185504089067974
C:DKK-PLN,48,0.56747,48,0.56712,1633128874917474971
C:DKK-RUB,48,11.7198166132,48,11.7183279266,1597022858031254588
C:DKK-SEK,48,1.45662,48,1.45586,1549267501143766525
C:DKK-SGD,48,0.19972,48,0.19968,1644117687208519774
C:DKK-THB,48,5.085918471133,48,5.08544206399122,1516213247456473413
C:DKK-TRY,48,7.15081188177112,48,7.13439425195602,1557304343087301368
C:DKK-TWD,48,4.93362727344304,48,4.92890323596567,1637213375101821788
C:DKK-UAH,48,6.95391510853932,48,6.87363949560157,1662428628010627761
C:DKK-USD,48,0.157481,48,0.157468,1636781646467259997
C:DKK-ZAR,48,2.58937,48,2.58712,1481722174109467175
C:DOP-GBP,48,0.01239458559880536,48,0.01239403856164654,1548477049418525435
C:DOP-USD,48,0.01705537883169462,48,0.01666972866026003,1672685553860159323
C:DZD-EUR,48,0.00642731351149846,48,0.00638626697150448,1543037494269388034
C:DZD-USD,48,0.00758133765248801,48,0.00753292120623811,1465765905010369633
C:EGP-EUR,48,0.01607975558771507,48,0.01606683804627249,1527635180196439514
C:EGP-JPY,48,2.97137875577894,48,2.96899172271677,1602860352015705633
C:EGP-PKR,48,5.28639114361488,48,5.27691392750944,1652478843196928627
C:EGP-USD,48,0.01896687570348931,48,0.01895163881748072,1523010401969583071
C:EGP-ZAR,48,0.310974850915501,48,0.310738055745214,1767156230553705867
C:ETB-GBP,48,0.00471425386221886,48,0.00470143902297141,1573353274815933860
C:ETB-USD,48,0.00643026254747535,48,0.00641278305161596,1646195732490030045
C:EUR-AED,48,4.3364,48,4.3314,1740186856878383574
C:EUR-AFN,48,77.7366846481826,48,73.0253704270806,1653059798319696029
C:EUR-ALL,48,97.9,48,92.9,1536931459922152854
C:EUR-AMD,48,464.4,48,404.4,1557547360517395137
C:EUR-ARS,48,1649.7889,48,1649.7799,1586003039244354679
C:EUR-AUD,48,1.62669,48,1.62648,1546511144740628899
C:EUR-BBD,48,2.4194,48,2.3194,1727196837156517539
C:EUR-BDT,48,146.15,48,142.55,1633810374919074482
C:EUR-BHD,48,0.4572,48,0.4312,1742037307595951587
C:EUR-BIF,48,3529.5,48,3473.5,1561427600604930490
C:EUR-BMD,48,1.1794,48,1.1734,1771858597371220143
C:EUR-BND,48,1.5167,48,1.4667,1680608668948263582
C:EUR-BOB,48,8.329,48,7.929,1758737164686109030
C:EUR-BRL,48,5.79038795599305,48,5.77700751010976,1496307618490372883
C:EUR-BSD,48,1.1834,48,1.1694,1617070530050263760
C:EUR-BTN,48,112.091,48,110.091,1516279503402608774
C:EUR-BWP,48,15.954,48,15.634,1690318571709716546
C:EUR-BZD,48,2.416,48,2.316,1476671592709484401
C:EUR-CAD,48,1.6107,48,1.6097,1735455978419797659
C:EUR-CDF,48,2758.1,48,2708.1,1741471010180038919
C:EUR-CHF,48,0.9155,48,0.9152,1571886262277490958
C:EUR-CLP,48,1064.83,48,1036.83,1480183767568766685
C:EUR-CNH,48,7.99537,48,7.99444,1573517906419673627
C:EUR-CNY,48,8.00268285794973,48,8.00209451190812,1697190201064644685
C:EUR-COP,48,4446.2,48,4346.2,1528287347114933943
C:EUR-CRC,48,554.8,48,526.8,1625752173128335159
C:EUR-CUP,48,28.264,48,28.204,1715291950082017325
C:EUR-CZK,48,24.3387,48,24.3024,1706831571606766850
C:EUR-DJF,48,213.99,48,204.99,1531551452770783036
C:EUR-DKK,48,7.4729,48,7.4722,1728567912239719032
C:EUR-DOP,48,70.76,48,69.16,1573313427713812318
C:EUR-DZD,48,156.586,48,155.586,1760870412955994689
C:EUR-EGP,48,62.24,48,62.19,1594365382058065415
C:EUR-ETB,48,183.9373,48,183.4373,1588119702869127758
C:EUR-FJD,48,2.5895,48,2.5645,1662405748381892858
C:EUR-GBP,48,0.86564,48,0.86557,1544122796115669831
C:EUR-GHS,48,13.277,48,13.227,1622396173498313282
C:EUR-GNF,48,10412,48,10232,1728778313455724811
C:EUR-GTQ,48,9.182,48,8.782,1719892637034027307
C:EUR-GYD,48,256.14,48,236.14,1521350673608287774
C:EUR-HKD,48,9.2137,48,9.21147,1729033775308777911
C:EUR-HNL,48,31.774,48,30.774,1550957039440091276
C:EUR-HTG,48,155.02,48,153.02,1641452726960654641
C:EUR-HUF,48,357.082,48,353.516,1650110645807971336
C:EUR-IDR,48,20654,48,20194,1723785359142845400
C:EUR-ILS,48,3.41718923453708,48,3.41439950429182,1674217572309664552
C:EUR-INR,48,111.516,48,111.356,1644416391191679273
C:EUR-IQD,48,1571.1,48,1511.1,1530449991764054560
C:EUR-JMD,48,187.21,48,183.61,1487977907615468403
C:EUR-JOD,48,0.8442,48,0.8292,1483749323360176149
C:EUR-JPY,48,184.599,48,184.58,1735976233834277236
C:EUR-KES,48,153.43,48,150.43,1774911148536432965
C:EUR-KRW,48,1726.67,48,1723.67,1661507542543435453
C:EUR-KWD,48,0.36408,48,0.36208,1675545769823811127
C:EUR-KYD,48,1.0004,48,0.9604,1597837541726491556
C:EUR-KZT,48,546.71,48,540.71,1590549228460594219
C:EUR-LAK,48,26049,48,25549,1587177588299012606
C:EUR-LBP,48,105387.7,48,105307.7,1756976841156533563
C:EUR-LKR,48,382.25,48,375.25,1714043353604871365
C:EUR-LRD,48,218.57,48,213.17,1756039179791651732
C:EUR-LSL,48,19.5297,48,19.0697,1631417816004435219
C:EUR-LYD,48,7.469,48,7.409,1609126144758959363
C:EUR-MAD,48,11.0992,48,10.4192,1538140162618308594
C:EUR-MDL,48,20.417,48,19.817,1490805661708077241
C:EUR-MGA,48,4964,48,4864,1483176761785446193
C:EUR-MKD,48,62.085,48,61.185,1524006007671285442
C:EUR-MOP,48,9.6853,48,9.2853,1667834537371175216
C:EUR-MUR,48,56.75,48,53.75,1671024162231787579
C:EUR-MVR,48,18.34158999764096,48,17.98773295588582,1662045518413208822
C:EUR-MWK,48,2043.5,48,2035.5,1527862758468930703
C:EUR-MXN,48,20.2642,48,20.2559,1497069057553291105
C:EUR-MYR,48,4.6919,48,4.5319,1519793397794087085
C:EUR-MZN,48,76.1500353857042,48,74.6166548714319,1761766881133829077
C:EUR-NAD,48,19.5297,48,19.0697,1497012434763098606
C:EUR-NGN,48,1602.7,48,1596.7,1491545408653655627
C:EUR-NIO,48,43.79,48,42.79,1715261407166741427
C:EUR-NOK,48,10.8459,48,10.8342,1616489568761682875
C:EUR-NPR,48,179.446,48,176.046,1632440135509165983
C:EUR-NZD,48,1.979,48,1.977,1479894491733572065
C:EUR-OMR,48,0.45525,48,0.45225,1470790620331069414
C:EUR-PAB,48,1.2014,48,1.1514,1774779181859812856
C:EUR-PEN,48,4.1474,48,3.9874,1520861541036247227
C:EUR-PGK,48,5.275,48,5.115,1579517939239883959
C:EUR-PHP,48,72.48,48,69.88,1623097781106733304
C:EUR-PKR,48,329.4662,48,326.2662,1699382316255293257
C:EUR-PLN,48,4.2442,48,4.2342,1755845861540581327
C:EUR-PYG,48,7316,48,7056,1746058090460426599
C:EUR-QAR,48,4.45,48,4.15,1583817749766117190
C:EUR-RON,48,5.22899505766063,48,5.2172275829607,1668441255597723345
C:EUR-RSD,48,118.57,48,116.17,1573950455258386992
C:EUR-RUB,48,88.35,48,86.35,1521183218674124106
C:EUR-RWF,48,1739.6,48,1709.6,1468899644902829457
C:EUR-SAR,48,4.4671,48,4.3237,1757315226432527396
C:EUR-SCR,48,17.7051,48,17.3851,1769525748092522040
C:EUR-SDG,48,710.707761211621,48,704.814662030762,1616307130597407764
C:EUR-SEK,48,10.88435,48,10.87907,1524665026915242996
C:EUR-SGD,48,1.49235,48,1.49214,1725451558197535497
C:EUR-SOS,48,712.3,48,632.3,1544805118535372240
C:EUR-SVC,48,10.534,48,10.054,1551070588286170865
C:EUR-SZL,48,19.487,48,19.087,1720519710990841968
C:EUR-THB,48,38.038,48,37.968,1678050031904290751
C:EUR-TJS,48,11.1009,48,10.8509,1658686352267825861
C:EUR-TND,48,3.433,48,3.401,1738530230415583307
C:EUR-TRY,48,53.43412,48,53.31144,1743612820923430828
C:EUR-TTD,48,8.123,48,7.823,1601705543325226465
C:EUR-TWD,48,36.8686749823488,48,36.833372558249,1565235312254289226
C:EUR-TZS,48,3114.6,48,3014.6,1634118556678987944
C:EUR-UAH,48,51.9753,48,51.3753,1515041944102989248
C:EUR-UGX,48,4453,48,4363,1702887509244373109
C:EUR-USD,48,1.17677,48,1.17669,1510173636150371420
C:EUR-UYU,48,47.52,48,46.32,1744425257228356504
C:EUR-UZS,48,14305,48,14235,1528414997455630796
C:EUR-VND,48,31179,48,30719,1581690684261569762
C:EUR-YER,48,281.539096105121,48,280.890931589182,1727855207785980737
C:EUR-ZAR,48,19.34862,48,19.33262,1744997436610380521
C:EUR-ZMW,48,22.447,48,22.347,1696231220638494322
C:FJD-GBP,48,0.337828967079643,48,0.334165779956541,1596246894865310161
C:FJD-USD,48,0.460596011238543,48,0.455601621941774,1522410408040692671
C:GBP-AED,48,5.00844987305633,48,5.005723073071,1590689927888025625
C:GBP-AFN,48,89.9274449024083,48,84.4772967265048,1671790407879894158
C:GBP-ALL,48,113.2092926442869,48,107.4274084438637,1538442336247839381
C:GBP-AMD,48,537.02140453531,48,467.638794130231,1561285162271895180
C:GBP-ARS,48,1906.013763804,48,1905.92964156,1744842054329294658
C:GBP-AUD,48,1.8793,48,1.87894,1505890704479779773
C:GBP-AWG,48,2.46939651355273,48,2.44214800029973,1744622845388350721
C:GBP-BAM,48,2.30905327428102,48,2.214230373394082,1597750178688676846
C:GBP-BBD,48,2.79773812690079,48,2.68210044289233,1531481246781206766
C:GBP-BDT,48,169.0044751783712,48,164.8415185540664,1675033294980225391
C:GBP-BHD,48,0.5286954912867,48,0.4986296934445,1624424781780706168
C:GBP-BIF,48,4081.43205707876,48,4016.67495403402,1530768058305514466
C:GBP-BMD,48,1.3628246635,48,1.362764515,1770931028139495423
C:GBP-BND,48,1.753876753356384,48,1.696057911352151,1518191896252153482
C:GBP-BOB,48,9.63146270106502,48,9.16891196503116,1662196672609162047
C:GBP-BRL,48,6.68288803855068,48,6.67881004003235,1759267849861983470
C:GBP-BSD,48,1.368456352556171,48,1.352267076794986,1488429322765981627
C:GBP-BTN,48,129.6194363819281,48,127.3066827017588,1565730587038708529
C:GBP-BWP,48,18.44883610671046,48,18.07879551788337,1661907223983064476
C:GBP-BZD,48,2.79380644564451,48,2.67816876163604,1513477605061362551
C:GBP-CAD,48,1.86039,48,1.85978,1478561284076231301
C:GBP-CDF,48,3189.40296263746,48,3131.58412063323,1510672512067525728
C:GBP-CHF,48,1.05751,48,1.05723,1548879323707601010
C:GBP-CLP,48,1213.5627528,48,1213.509192,1739909523447602733
C:GBP-CNH,48,9.23685,48,9.23556,1586211801289583618
C:GBP-CNY,48,9.24488547542989,48,9.24420580439068,1511661374481718853
C:GBP-COP,48,5141.48270638436,48,5025.84502237589,1510875512996508686
C:GBP-CRC,48,624.87439377842,48,624.846814839998,1606643251551934699
C:GBP-CUP,48,32.6838350081525,48,32.6144523977474,1598671048858795902
C:GBP-CZK,48,28.1179,48,28.0753,1619698605601711231
C:GBP-DJF,48,247.453080009714,48,237.045688448952,1525207915931842461
C:GBP-DKK,48,8.6333,48,8.632,1500673690924476093
C:GBP-DOP,48,80.683951,48,80.68039,1664585879531809699
C:GBP-DZD,48,181.0975539235529,48,179.9410165963107,1625438092960009552
C:GBP-EGP,48,71.8914236211378,48,71.8336702281259,1560275010775957738
C:GBP-ETB,48,212.7008337477017,48,212.1226453276594,1598466609708193856
C:GBP-EUR,48,1.15531,48,1.15522,1665394994642001201
C:GBP-FJD,48,2.99252664390128,48,2.96007772407584,1640444245616421622
C:GBP-GHS,48,15.35321530580386,48,15.29539646379962,1525163204439888756
C:GBP-GNF,48,12040.19565896134,48,11832.04782774611,1507550794844619919
C:GBP-GTQ,48,10.3792950116665,48,10.378836919703,1672979679904513795
C:GBP-GYD,48,296.194363819281,48,273.066827017588,1568345078488363377
C:GBP-HKD,48,10.64338,48,10.64234,1755645938758613799
C:GBP-HNL,48,36.7427177168496,48,35.5863408767649,1721278665715670945
C:GBP-HTG,48,177.9802958914357,48,177.9724407005853,1675968007366498598
C:GBP-HUF,48,411.77,48,409.01,1626438917179459379
C:GBP-IDR,48,23617.7010400381,48,23598.667663653,1755543130683888929
C:GBP-ILS,48,3.95370162207825,48,3.95163059398993,1594081014488063722
C:GBP-INR,48,128.7489515073713,48,128.7285005074813,1747285187140226425
C:GBP-IQD,48,1816.783653456988,48,1747.40104305191,1562579343623264283
C:GBP-ISK,48,166.321155480034,48,165.5055225148683,1581400949836892181
C:GBP-JMD,48,216.4853082322467,48,212.322351607942,1473174015766906190
C:GBP-JOD,48,0.970059094781429,48,0.963242094818102,1599588123145189270
C:GBP-JPY,48,213.262,48,213.235,1741302522828972635
C:GBP-KES,48,177.4228985741874,48,173.9537680539334,1646535273064721144
C:GBP-KHR,48,5573.736369208,48,5342.46100119107,1646998521565113065
C:GBP-KMF,48,571.144265043654,48,568.418039434854,1566788759430103430
C:GBP-KRW,48,1988.092244326485,48,1985.3735786476,1651899575326425239
C:GBP-KWD,48,0.421072110102354,48,0.418759035447869,1754727966579211111
C:GBP-KYD,48,1.156839390820681,48,1.110584317217295,1573743214071419839
C:GBP-KZT,48,632.202782242677,48,625.264521202169,1537192772729111955
C:GBP-LAK,48,30122.460307365,48,29544.2718873226,1653311265484543904
C:GBP-LBP,48,121867.8955097887,48,121775.385362582,1532617390371011015
C:GBP-LKR,48,442.025047122356,48,433.930409241764,1554904830889035334
C:GBP-LRD,48,252.749285937301,48,246.504851000844,1706287042352487488
C:GBP-LSL,48,22.5836927738011,48,22.05175942736219,1588467918657098031
C:GBP-LYD,48,8.63697861859223,48,8.56759600818715,1648646943178928304
C:GBP-MAD,48,12.83485782346751,48,12.04852157220995,1572790671287457059
C:GBP-MDL,48,23.6097459440082,48,22.9159198399574,1520872240298305437
C:GBP-MGA,48,5740.25463418019,48,5624.61695017172,1688085262823461748
C:GBP-MKD,48,71.8036199618343,48,70.7627363673163,1644187373462333205
C:GBP-MOP,48,11.19985660927183,48,10.73730587323797,1674007142377023202
C:GBP-MUR,48,65.0037381907157,48,62.2850540338476,1562284896052346297
C:GBP-MVR,48,21.2008698859469,48,20.79184988814728,1717004074374239561
C:GBP-MWK,48,2363.05607271298,48,2353.8050579923,1775393604358702792
C:GBP-MXN,48,23.4108,48,23.4006,1638060949047447391
C:GBP-MYR,48,5.33173021665935,48,5.3249321416668,1502232897096555334
C:GBP-NGN,48,1844.78722,48,1844.7058,1745377567145662813
C:GBP-NIO,48,49.91294105,48,49.910371,1552620599326661386
C:GBP-NOK,48,12.52984906510476,48,12.51633250732147,1589126455251075360
C:GBP-NPR,48,207.5071984458295,48,203.5755171895417,1723629635386052014
C:GBP-NZD,48,2.28518,48,2.28463,1554818305541212064
C:GBP-OMR,48,0.526513618227028,48,0.523044006245302,1762109911412431525
C:GBP-PAB,48,1.389271135677695,48,1.331452293673462,1680336001592538027
C:GBP-PEN,48,4.66906537,48,4.6688593,1760166703237107358
C:GBP-PGK,48,6.09988783144651,48,5.91486753703297,1709454250228783504
C:GBP-PHP,48,82.2649717898171,48,82.2377812521243,1507392669496043381
C:GBP-PKR,48,380.252257954379,48,379.570557958046,1606389312510074653
C:GBP-PLN,48,4.8987,48,4.89579,1509298112715923885
C:GBP-PYG,48,8460.05296205928,48,8159.39498363727,1609345984060155221
C:GBP-QAR,48,4.96694609146051,48,4.95604170926191,1469067353534640135
C:GBP-RON,48,6.04024929825396,48,6.0266561546356,1571460543357491533
C:GBP-RSD,48,137.1116019288366,48,134.3362975126334,1600898307909301526
C:GBP-RUB,48,101.1672753459747,48,101.1568783975764,1530141838457003266
C:GBP-RWF,48,2011.633151011251,48,1976.941845808712,1608767476071921541
C:GBP-SAR,48,5.19166946124403,48,5.01821293523133,1724339058301055283
C:GBP-SCR,48,20.47376759138268,48,20.1037270025556,1599170083580055638
C:GBP-SEK,48,12.574,48,12.5684,1540183864602913281
C:GBP-SGD,48,1.72409,48,1.72378,1516351755277826251
C:GBP-SOS,48,823.687223192294,48,731.177075985522,1592749733425578910
C:GBP-SVC,48,12.18127363345167,48,11.62621275021104,1722010513387059936
C:GBP-SZL,48,22.5343154827295,48,22.07176474669565,1485404993261159364
C:GBP-THB,48,43.9923668536402,48,43.9114092407333,1479904468679431256
C:GBP-TND,48,3.96984169201059,48,3.93283763312788,1697986814643840036
C:GBP-TRY,48,61.77619,48,61.63285,1610612893255964259
C:GBP-TTD,48,9.39324907200759,48,9.04633601998219,1516819606286392102
C:GBP-TWD,48,42.5953368227857,48,42.5545510162463,1716765770561827320
C:GBP-TZS,48,3601.65130612764,48,3486.01362211918,1696922343801354453
C:GBP-UAH,48,60.1030331764515,48,59.4092070724008,1496854197919398520
C:GBP-UGX,48,5149.34606889693,48,5045.27215328931,1512575411102633788
C:GBP-USD,48,1.35947,48,1.3594,1534144637338936910
C:GBP-UYU,48,54.9510274408224,48,53.5633752327208,1677198453867542664
C:GBP-VND,48,35874.2560284703,48,35868.8019416549,1608522759893018469
C:GBP-XPF,48,138.651949623125,48,137.6324499935432,1635819904759989879
C:GBP-YER,48,325.720908037358,48,324.97102733656,1776199568865473585
C:GBP-ZAR,48,22.35298,48,22.33396,1631244593634309144
C:GBP-ZMW,48,25.9571909293801,48,25.8415532453716,1599984505514058257
C:GHS-EUR,48,0.0756029333938157,48,0.0753182194772916,1700675519441641905
C:GHS-GBP,48,0.06537914871097,48,0.0651329366573774,1527800931824895093
C:GHS-USD,48,0.0891774400846753,48,0.0888416057844393,1495486765366206206
C:GHS-ZAR,48,1.462364859756559,48,1.456857723883408,1527329925425619215
C:GNF-GBP,48,0.000084516223612197,48,0.0000830551286976566,1729472548287013675
C:GNF-USD,48,0.0001152804925723221,48,0.000113287552823665,1707777766301031323
C:GTQ-GBP,48,0.0963499096995751,48,0.096345657279804,1715024105924486919
C:GTQ-USD,48,0.134314506946026,48,0.1284632977564801,1658803102671456643
C:GYD-GBP,48,0.00366210722452782,48,0.0033761614741938,1478585738061499828
C:GYD-USD,48,0.0049951300076226,48,0.00460509877410791,1546349476678585709
C:HKD-ARS,48,179.0850621776056,48,179.084085225003,1728281729582738587
C:HKD-AUD,48,0.176571,48,0.176551,1747174368006293789
C:HKD-BRL,48,0.62843402411148,48,0.626981836880719,1483253826873588394
C:HKD-CAD,48,0.174794,48,0.174772,1655157083733458877
C:HKD-CHF,48,0.0993749311403911,48,0.0993423669903724,1541974269175647292
C:HKD-CNY,48,0.868678340582964,48,0.868614476567335,1647393827425042082
C:HKD-DKK,48,0.811222313051011,48,0.811025972193581,1649684136196875543
C:HKD-EUR,48,0.1085603057926694,48,0.1085340308453716,1676335081480993798
C:HKD-GBP,48,0.093964,48,0.093955,1754910644981736750
C:HKD-IDR,48,2218.922535053854,48,2217.134317491642,1734260044878255609
C:HKD-INR,48,12.06439189042993,48,12.04708224246489,1632408330577098421
C:HKD-JPY,48,20.039,48,20.035,1749751045144008184
C:HKD-KRW,48,186.8130464493961,48,186.5575843503918,1684768870966077125
C:HKD-MXN,48,2.19963,48,2.19875,1668496748651076553
C:HKD-MYR,48,0.500896350922504,48,0.500257696898632,1732272388012653217
C:HKD-NZD,48,0.214724,48,0.214656,1572524849640940969
C:HKD-PKR,48,35.6109986784732,48,35.5471568020327,1519382810181793914
C:HKD-PLN,48,0.460275754041246,48,0.46001305877698,1601339777495505888
C:HKD-SEK,48,1.181465354186691,48,1.180892225146362,1637563766927342501
C:HKD-SGD,48,0.1619903642680095,48,0.1619675693629964,1522637700718712835
C:HKD-THB,48,4.12899780241967,48,4.1213993522864,1761675294799920344
C:HKD-TWD,48,4.0019031744055,48,3.99807127962933,1607153711173756852
C:HKD-USD,48,0.1277352916005104,48,0.1277258288448348,1744675503243255142
C:HKD-ZAR,48,2.100256119263979,48,2.0985193495146,1645493388605839381
C:HNL-GBP,48,0.0281006693962436,48,0.0272162774595581,1541320289186291898
C:HNL-USD,48,0.0383294339377396,48,0.0371231195316926,1622066366526139590
C:HTG-GBP,48,0.00561884748033751,48,0.00561859949154135,1629833489231246445
C:HTG-USD,48,0.00770846948111358,48,0.00760901819120113,1700410092124925910
C:HUF-CAD,48,0.00453515340269035,48,0.00453349678616394,1702680368355461930
C:HUF-CHF,48,0.00258454258779902,48,0.00256818331902529,1543376491780207451
C:HUF-DKK,48,0.02110105568164071,48,0.02096749323119594,1737029711012997344
C:HUF-EUR,48,0.00282872628113013,48,0.0028004772013151,1499265576314180472
C:HUF-PLN,48,0.01193701705401708,48,0.01192628584109194,1711550008376141130
C:HUF-USD,48,0.00332864707679426,48,0.00329540553710352,1517764675793057681
C:HUF-ZAR,48,0.0547093200873511,48,0.0541629653692989,1464283694293461122
C:IDR-AUD,48,0.0000798880322152924,48,0.0000798772283062417,1760298754780677337
C:IDR-CAD,48,0.0000790743014290625,48,0.0000790644796935619,1748439022353183181
C:IDR-CHF,48,0.0000449506457791092,48,0.0000449432794774837,1622730102658092383
C:IDR-CNY,48,0.000391649870429024,48,0.000391621076878779,1579574303972659455
C:IDR-EUR,48,0.0000489572531397626,48,0.0000489177987566198,1658096962217271626
C:IDR-GBP,48,0.0000423752736490379,48,0.0000423411236472484,1552853659912217875
C:IDR-HKD,48,0.000452472621912292,48,0.00045236310956146,1623390338991791702
C:IDR-INR,48,0.00543770803340052,48,0.00543767923985027,1571708632194572497
C:IDR-JPY,48,0.00906570741049943,48,0.00906472523694937,1573822483484733328
C:IDR-KRW,48,0.0842240138209041,48,0.0841088396199251,1523112262375483204
C:IDR-MYR,48,0.000225827814569536,48,0.000225539879067089,1526531059491125710
C:IDR-NZD,48,0.0000968011756406565,48,0.0000967672890872445,1513776362377341561
C:IDR-SGD,48,0.000073288317045622,48,0.0000732780042233463,1709474669647248448
C:IDR-THB,48,0.00186799587487109,48,0.001864558267445858,1480453273379517704
C:IDR-TWD,48,0.001804261445436222,48,0.001802533832421538,1774992073535624911
C:IDR-USD,48,0.0000576103237700196,48,0.0000575638959244762,1654397486397903620
C:IDR-ZAR,48,0.000950183175367087,48,0.000949436232382262,1623396430081904819
C:ILS-AED,48,1.26620466142601,48,1.265419337054648,1686605363766440697
C:ILS-AUD,48,0.475965695362033,48,0.475670492325836,1752208143559215734
C:ILS-CAD,48,0.472036615639222,48,0.471743849493488,1772641109197581101
C:ILS-CHF,48,0.268023376086057,48,0.267857142857143,1516335707783315320
C:ILS-EUR,48,0.292818231968004,48,0.292636620494797,1685226735406719065
C:ILS-JOD,48,0.244449041511516,48,0.244297429536214,1569186445423265103
C:ILS-JPY,48,54.0027237622397,48,53.9692302391289,1761952178526057127
C:ILS-NOK,48,3.17489208665081,48,3.17146717609348,1570704298030127360
C:ILS-PLN,48,1.239618673286443,48,1.23884983805389,1598204077329841826
C:ILS-SEK,48,3.18614745510633,48,3.18460185444456,1553111218636048771
C:ILS-USD,48,0.344780030340643,48,0.344566191165323,1496718436990319452
C:ILS-ZAR,48,5.66714231551374,48,5.66282700858236,1615143165091864005
C:INR-AUD,48,0.01459815499479522,48,0.01459618076743602,1663116967720164935
C:INR-CAD,48,0.01444945977960444,48,0.01444766502745971,1567540756405919482
C:INR-CHF,48,0.00821547794249614,48,0.00821278581427905,1747305631550140004
C:INR-CNY,48,0.072024997471553,48,0.0720197022945591,1531563675312928465
C:INR-EUR,48,0.00898020762240023,48,0.00896732307471574,1651405293077252616
C:INR-GBP,48,0.00778975549985015,48,0.00778971425182524,1770941554125836870
C:INR-HKD,48,0.0826815391794393,48,0.0826615276930256,1536454396202014201
C:INR-JPY,48,1.656601098388313,48,1.65642162317384,1692525563004065490
C:INR-KRW,48,15.48892222496983,48,15.46774151699408,1567538193093731736
C:INR-MYR,48,0.0415300731634605,48,0.0414771213935211,1762521990608614994
C:INR-NZD,48,0.0178018811116271,48,0.01779564932372647,1527276626203338866
C:INR-PKR,48,2.95314932887061,48,2.94785504896944,1467353003379928134
C:INR-SEK,48,0.0976735525323953,48,0.0976261710757744,1531839315148482256
C:INR-SGD,48,0.01351117137828227,48,0.01349178593206356,1665643123743670021
C:INR-THB,48,0.341343910405973,48,0.340715747155318,1602313922084693217
C:INR-TWD,48,0.331806380794181,48,0.331488670174545,1651034257442785369
C:INR-USD,48,0.01059038202685086,48,0.01059032594905206,1695304731730515281
C:INR-ZAR,48,0.173629886212714,48,0.1734863060411357,1625242759370328176
C:IQD-GBP,48,0.000572278472635828,48,0.000550423270320158,1557654182680630095
C:IQD-USD,48,0.000780590298458077,48,0.000750779708484501,1479915889897766106
C:ISK-CHF,48,0.00646015514809591,48,0.00628292181069959,1751702135986028583
C:ISK-USD,48,0.00831840620592384,48,0.00809019204389575,1750546179602613725
C:JMD-GBP,48,0.00470981972659441,48,0.00461925110838096,1705912587548010683
C:JMD-USD,48,0.00642421436740918,48,0.00630067838256503,1620862713613380359
C:JOD-AED,48,5.18274172343731,48,5.17676586590176,1762104169035179866
C:JOD-ILS,48,4.09337094499295,48,4.09083215796897,1564456315954387527
C:JPY-AED,48,0.0234526127621541,48,0.0234398442238325,1555037103912102188
C:JPY-ARS,48,8.93729495763722,48,8.93724620251793,1676077969062733651
C:JPY-AUD,48,0.008833,48,0.008793,1521101524775159246
C:JPY-BRL,48,0.0313390640288893,48,0.0313199404619616,1472499227022699465
C:JPY-CAD,48,0.008727,48,0.008717,1585632771325581433
C:JPY-CHF,48,0.00495918590004265,48,0.0049574403743859,1557834595569372854
C:JPY-CLP,48,5.69299704890657,48,5.68662319699664,1485279643151053390
C:JPY-CNY,48,0.0433534025823355,48,0.0433502153008634,1521801776613938185
C:JPY-CZK,48,0.131853111905065,48,0.1316564593327356,1511229718911806023
C:JPY-DKK,48,0.04068,48,0.04028,1518672137471489367
C:JPY-EUR,48,0.00542,48,0.005414,1589558983705332036
C:JPY-GBP,48,0.004709,48,0.004669,1479531042713592199
C:JPY-HKD,48,0.0499096061044566,48,0.0499059087518885,1758937792929367575
C:JPY-IDR,48,110.7247910206605,48,110.6355585158085,1673106171125072222
C:JPY-ILS,48,0.0185290765788054,48,0.01851758449078877,1672080448963033897
C:JPY-INR,48,0.603474067596464,48,0.602608220087448,1578204385623945931
C:JPY-KRW,48,9.3229684591652,48,9.31021953644917,1534366653990002248
C:JPY-MXN,48,0.1097765014120062,48,0.1097359580286736,1511157304312039453
C:JPY-MYR,48,0.0250011953905739,48,0.024969318308602,1709795697386303784
C:JPY-NOK,48,0.058927,48,0.058527,1620720394583821289
C:JPY-NZD,48,0.01071658014808979,48,0.01071282866508166,1619240555286967737
C:JPY-PKR,48,1.780231704592602,48,1.777040181278524,1777383897853635314
C:JPY-PLN,48,0.0229700154392047,48,0.0229569056583331,1503506328386612682
C:JPY-RSD,48,0.641770013087752,48,0.628779812940914,1506882414684983493
C:JPY-RUB,48,0.474420712010738,48,0.474371955852731,1477819810252956779
C:JPY-SAR,48,0.0243003344080186,48,0.0234884468988413,1600380500217055490
C:JPY-SEK,48,0.059148,48,0.058748,1526611233529795655
C:JPY-THB,48,0.2060619193369268,48,0.2056827107993174,1692607694033862771
C:JPY-TWD,48,0.1996959721084685,48,0.1995047595980713,1518131616209490961
C:JPY-USD,48,0.00637462389719007,48,0.00637433945907355,1759899369777955718
C:JPY-ZAR,48,0.1048197215984658,48,0.1047330427787063,1614444688358029775
C:KES-USD,48,0.00784118859270092,48,0.00768787069021704,1471154675398741980
C:KES-ZAR,48,0.1285827295087416,48,0.1260685654695953,1745301423010886109
C:KHR-GBP,48,0.0001871796536796537,48,0.0001794128630705394,1659593226561621216
C:KMF-GBP,48,0.001759268585131894,48,0.001750871121718377,1719892358507022420
C:KMF-USD,48,0.00239808153477218,48,0.00238663484486874,1732183245058574565
C:KRW-AUD,48,0.000942956346331086,48,0.000942828822666752,1749967696181436162
C:KRW-BRL,48,0.00336468227810912,48,0.00336008116050206,1463073605859000067
C:KRW-CAD,48,0.000933351495794617,48,0.000933235565190677,1557261624209167755
C:KRW-CHF,48,0.000530573798524203,48,0.000530486850571248,1518160891847390375
C:KRW-CNY,48,0.00465327905306011,48,0.00465293695049776,1656010221577074425
C:KRW-EUR,48,0.000581835609872993,48,0.00058103996444566,1544191148009713296
C:KRW-GBP,48,0.00050368354387046,48,0.000502994769409593,1485643116946332495
C:KRW-HKD,48,0.00534055194560536,48,0.00533925352284123,1679515198156350556
C:KRW-IDR,48,11.88389736012204,48,11.87432019209063,1525958258119812643
C:KRW-INR,48,0.0646066162635558,48,0.0646062741609935,1563082109560237918
C:KRW-JPY,48,0.1070068457021627,48,0.1069952526417686,1757926884152582346
C:KRW-MYR,48,0.00268311039649687,48,0.00267968937087339,1728993724037631851
C:KRW-NZD,48,0.001150280436180767,48,0.00114987776504396,1536915345575192105
C:KRW-RUB,48,0.050922119405697,48,0.050916886145772,1770984800637458947
C:KRW-SEK,48,0.00630914634499788,48,0.00630608577705386,1548609560937187356
C:KRW-SGD,48,0.000865045183952886,48,0.000864923456818748,1464777122645267214
C:KRW-THB,48,0.02204884156344012,48,0.02200826585206096,1619320961358162452
C:KRW-TWD,48,0.02143683076186241,48,0.02141630460812152,1768379074939330901
C:KRW-USD,48,0.000684673581869844,48,0.000683737308126218,1683334379597585483
C:KRW-ZAR,48,0.01121546282395358,48,0.01120664630152391,1467956363951156264
C:KWD-AED,48,11.9433733612427,48,11.92960229150601,1677210432702354272
C:KWD-EUR,48,2.76182059213434,48,2.7466490881125,1468504536584926922
C:KWD-GBP,48,2.38800817498895,48,2.37489013403648,1777618204482768775
C:KWD-PKR,48,906.520184619385,48,904.895013976468,1516934876043125258
C:KWD-USD,48,3.25770547945205,48,3.2398099318831,1559746909694358982
C:KYD-BMD,48,1.202978376172991,48,1.196858425132599,1751180116739710467
C:KYD-CAD,48,1.642511134230926,48,1.641911152080784,1774195972216979869
C:KYD-EUR,48,1.041232819658476,48,0.999600159936026,1485398026275963448
C:KYD-GBP,48,0.90042690545606,48,0.864424230307877,1477340448631430625
C:KYD-USD,48,1.228186172428155,48,1.179078368652539,1762235239712298384
C:KZT-GBP,48,0.001599323112204324,48,0.001581770957180224,1549084513553611661
C:KZT-USD,48,0.002181483604889867,48,0.002157542389932505,1666440066126366067
C:LBP-USD,48,0.00001120098530306901,48,0.00001119248261419501,1774946994651802999
C:LKR-GBP,48,0.00230451698867422,48,0.00226231523871812,1691364384009934438
C:LKR-USD,48,0.0031433710859427,48,0.00308580771746239,1502524813500934095
C:LKR-ZAR,48,0.0510757207234323,48,0.0510368285623762,1633353737953532316
C:LRD-GBP,48,0.00405671529764976,48,0.00395648991169877,1723815557982693104
C:LRD-USD,48,0.00548546352166758,48,0.00541418516513265,1562025562958519100
C:LSL-GBP,48,0.0453478554985134,48,0.0442797380400109,1511853141452613779
C:LSL-USD,48,0.0618546699738328,48,0.0603977531656912,1768598948502614952
C:LYD-GBP,48,0.1167188554460791,48,0.1157812290801982,1544384106810490367
C:LYD-USD,48,0.1592050209205021,48,0.1579260945240327,1660050568778001512
C:MAD-AUD,48,0.1515746790254597,48,0.1515621082119503,1592981116146081356
C:MAD-GBP,48,0.08299773495086,48,0.0779128225457691,1624674834386101004
C:MAD-USD,48,0.1132092675061425,48,0.1062734251117198,1633327951272312430
C:MAD-ZAR,48,1.856447711916462,48,1.742711186391812,1467315943906601037
C:MDL-EUR,48,0.04971,48,0.04946,1696738083261692231
C:MDL-GBP,48,0.0436377857395166,48,0.0423553901160797,1479235404354859604
C:MDL-USD,48,0.05865,48,0.05838,1774607717004783319
C:MGA-GBP,48,0.0001777898848684211,48,0.0001742082997582595,1627717016899080625
C:MGA-USD,48,0.000242506167763158,48,0.000237620870265915,1635300773556792946
C:MKD-GBP,48,0.01413173163357032,48,0.01392687444632359,1493064082106805194
C:MKD-USD,48,0.01927841791288714,48,0.01899895304824031,1531136062250227200
C:MOP-USD,48,0.1270341292149958,48,0.121787657584174,1513403006256116105
C:MUR-EUR,48,0.0186046511627907,48,0.01762114537444934,1591604349319764814
C:MUR-GBP,48,0.01605521606285465,48,0.01538373065662903,1521906706696980178
C:MUR-USD,48,0.02182453077258839,48,0.02091175240485153,1646762675652786234
C:MVR-USD,48,0.0655737704918033,48,0.0643086816720257,1743548141442682549
C:MWK-GBP,48,0.000424844018668632,48,0.000423180817225349,1663000035304259488
C:MWK-USD,48,0.00057948906902481,48,0.000577220455101542,1470891963301490476
C:MWK-ZAR,48,0.00950267747482191,48,0.00946547589919256,1577813749620159583
C:MXN-ARS,48,81.4298392171864,48,81.4293949975938,1512569785638599650
C:MXN-AUD,48,0.080302,48,0.080266,1674315035116089106
C:MXN-BRL,48,0.285777851281746,48,0.285117474964515,1582252740999983519
C:MXN-CAD,48,0.0794906173228218,48,0.0794612593224483,1655627670460746343
C:MXN-CHF,48,0.045188,48,0.045163,1731404300248663258
C:MXN-CLP,48,51.9796929535525,48,50.612872519587,1488180112479597466
C:MXN-COP,48,217.0413219106197,48,212.159820360743,1607878555247845238
C:MXN-CZK,48,1.2015,48,1.19932,1699532776854362540
C:MXN-DKK,48,0.3689,48,0.36874,1775126809631005580
C:MXN-EUR,48,0.049368,48,0.049348,1690530476714097640
C:MXN-GBP,48,0.042733,48,0.042715,1709903911348646514
C:MXN-HKD,48,0.4548,48,0.45462,1614544254599334847
C:MXN-JPY,48,9.1128,48,9.1091,1659965377189784421
C:MXN-PEN,48,0.202455395279588,48,0.1946449927997852,1538870099442966795
C:MXN-PLN,48,0.20933,48,0.20914,1603780424862864312
C:MXN-RUB,48,4.32317497617978,48,4.32140424985936,1694942870947562859
C:MXN-SGD,48,0.073671,48,0.073636,1765329158175855062
C:MXN-USD,48,0.058091,48,0.05807,1619811235583960673
C:MXN-ZAR,48,0.954971583896477,48,0.954244410434823,1554186815250754432
C:MYR-AUD,48,0.352730978555476,48,0.352683275873284,1726845350398319048
C:MYR-CAD,48,0.349138099264945,48,0.349094733190225,1719632768043290742
C:MYR-CHF,48,0.1985082070296407,48,0.1984431579175611,1514307883087094225
C:MYR-CNY,48,1.735391681551416,48,1.73526409798418,1565990958710313360
C:MYR-DKK,48,1.621039193157156,48,1.618972332015811,1563060895368446811
C:MYR-EUR,48,0.2206580021624484,48,0.2131332722351286,1501771083644913701
C:MYR-GBP,48,0.187795820377719,48,0.1875563765164698,1487641866822161428
C:MYR-HKD,48,1.997810013226653,48,1.997326481493528,1679735737361110208
C:MYR-IDR,48,4430.50242285131,48,4426.93190512624,1614893239166946603
C:MYR-INR,48,24.1800559422364,48,24.1453630824606,1765616990362812752
C:MYR-JPY,48,40.0279711181942,48,40.0236345107223,1705950520715465390
C:MYR-KRW,48,373.194692523603,48,372.684358254657,1668023230632421176
C:MYR-NZD,48,0.428896013246488,48,0.428745872428829,1628867088675338231
C:MYR-PKR,48,71.1298138230043,48,71.0022953328233,1700035240194467378
C:MYR-SGD,48,0.32358680804007,48,0.323541273661615,1665576304577147902
C:MYR-THB,48,8.24779375094863,48,8.23261562479672,1701928974318038338
C:MYR-TWD,48,7.9905636317266,48,7.98291252231574,1689170807313045009
C:MYR-USD,48,0.255330014043151,48,0.255004462578095,1750797293268908791
C:MYR-ZAR,48,4.19536850321993,48,4.19189921724235,1760570006375931990
C:MZN-USD,48,0.01580777742649384,48,0.01548946716232962,1559326386427752835
C:NAD-USD,48,0.0618546699738328,48,0.0603977531656912,1700465361581620003
C:NGN-GBP,48,0.000542091860935223,48,0.000542067935618071,1548213846995891581
C:NGN-JPY,48,0.1156072218128224,48,0.1156020633750921,1710293884423861239
C:NGN-USD,48,0.000738742406212814,48,0.000735976789168278,1665082967886120444
C:NGN-ZAR,48,0.01211649226234341,48,0.01210726602800295,1567909747429858958
C:NIO-GBP,48,0.0200359159822715,48,0.02003488431984514,1509475551626616819
C:NIO-USD,48,0.0275660200981538,48,0.0269365151861155,1733470681679347556
C:NOK-AED,48,0.399171537718047,48,0.398711280894739,1635876829825476572
C:NOK-CHF,48,0.084461,48,0.084398,1469305059588398155
C:NOK-DKK,48,0.68952,48,0.68908,1634710915425008431
C:NOK-EUR,48,0.0923003082830297,48,0.0922007394499304,1629852988457544160
C:NOK-GBP,48,0.0798956083513319,48,0.079809421071557,1692483562919718420
C:NOK-ILS,48,0.315103872520483,48,0.314776359387307,1664537805364588704
C:NOK-INR,48,10.25076574769706,48,10.25071146822181,1519474249188703724
C:NOK-JPY,48,17.0456,48,17.0105,1773151014246698313
C:NOK-PLN,48,0.39125,48,0.39083,1539829838339792298
C:NOK-RUB,48,8.0785463129589,48,8.07771608175161,1609089919374694027
C:NOK-SEK,48,1.00429,48,1.00329,1546369453012625401
C:NOK-USD,48,0.108578,48,0.108518,1680260424661942294
C:NOK-ZAR,48,1.78514518838493,48,1.783219465420113,1554748408008613063
C:NPR-GBP,48,0.00491218204332959,48,0.00481910992722045,1654075122187530933
C:NPR-USD,48,0.00670023743794236,48,0.00657328667119914,1583148822137426925
C:NZD-AED,48,2.194201285229975,48,2.191671304963821,1592438642496086158
C:NZD-AUD,48,0.82256,48,0.82226,1764430555494792090
C:NZD-CAD,48,0.814231565668587,48,0.813999072003046,1619438369483892653
C:NZD-CHF,48,0.46285,48,0.46267,1521551835682754814
C:NZD-CNY,48,4.04609490267003,48,4.04579743943649,1492226333428867642
C:NZD-CZK,48,12.307,48,12.286,1698378750636947296
C:NZD-DKK,48,3.7788,48,3.7774,1726876029080255126
C:NZD-EUR,48,0.50569,48,0.50552,1474403792527411297
C:NZD-GBP,48,0.43772,48,0.43757,1603678623046495960
C:NZD-HKD,48,4.65846580107592,48,4.65733830845771,1681727387971525175
C:NZD-HUF,48,179.982,48,179.257,1670538062594052978
C:NZD-IDR,48,10339.06072382948,48,10330.72853121299,1672592180254820343
C:NZD-INR,48,56.4266558720842,48,56.3456965035673,1638602506918498207
C:NZD-JPY,48,93.344,48,93.314,1531721681284525343
C:NZD-KRW,48,870.120057589567,48,868.930190497721,1641041029824641420
C:NZD-MXN,48,10.2469,48,10.2402,1722067805677079403
C:NZD-MYR,48,2.33390666753956,48,2.33093088446225,1724249988899511385
C:NZD-NOK,48,5.4833,48,5.4787,1699288716119741583
C:NZD-PKR,48,166.419587933635,48,166.1212380090498,1530966633056512990
C:NZD-PLN,48,2.14416,48,2.14242,1641079582942346239
C:NZD-SEK,48,5.5038,48,5.4998,1649219010209153079
C:NZD-SGD,48,0.754535250576386,48,0.754429074141488,1505095285113739300
C:NZD-THB,48,19.23141093376341,48,19.19602004135679,1612489220617806311
C:NZD-TRY,48,27.0159919509371,48,26.9539656296925,1764158947320007170
C:NZD-TWD,48,18.64685191908251,48,18.62899722061861,1589160521993805772
C:NZD-USD,48,0.595,48,0.59491,1522283602265979428
C:NZD-ZAR,48,9.7839,48,9.7734,1610195245586444237
C:OMR-AED,48,9.5568044077135,48,9.54578512396694,1676498603288008442
C:OMR-GBP,48,1.911885019347706,48,1.899286106534871,1735313783672206733
C:OMR-PKR,48,724.525344352617,48,723.226446280992,1500766297546644252
C:OMR-USD,48,2.608181315644,48,2.59099395936299,1685109680813253209
C:OMR-ZAR,48,42.7421608022039,48,42.7096143206611,1695837194378959615
C:PAB-USD,48,1.024448497481327,48,0.981812884967538,1708271706563341152
C:PEN-ARS,48,405.612651816886,48,405.610439101146,1604248691164905621
C:PEN-BRL,48,1.423609174409464,48,1.420319494052654,1495914865245520331
C:PEN-CAD,48,0.398544184015141,48,0.398398602416655,1725871216241048510
C:PEN-CLP,48,261.796233466096,48,254.912228942322,1521942768602056160
C:PEN-COP,48,1102.522947283944,48,1059.989390943724,1629588148292617610
C:PEN-EUR,48,0.250789988463661,48,0.241114915368665,1750378325181747247
C:PEN-GBP,48,0.214185079426146,48,0.2141756263309717,1486452303281370417
C:PEN-MXN,48,4.98210158823819,48,4.9800609726115,1727140691788625041
C:PEN-USD,48,0.295819330892311,48,0.284407098423108,1633158246920687408
C:PGK-AUD,48,0.317849462365591,48,0.308208530805687,1493560532212746367
C:PGK-GBP,48,0.1690654936461388,48,0.1639374407582938,1650706400982707248
C:PGK-USD,48,0.230606060606061,48,0.2236113744075829,1572826558506303175
C:PHP-DKK,48,0.104984294924781,48,0.1049495951082466,1505387080534038054
C:PHP-GBP,48,0.01215986113407175,48,0.0121558420095852,1683569416052784132
C:PHP-JPY,48,2.59370970408332,48,2.59285242108742,1697668745998364192
C:PHP-USD,48,0.01653165812530997,48,0.01652619401751777,1702044604797827674
C:PKR-EUR,48,0.0030649819074118,48,0.00303521271681283,1568344669314356957
C:PKR-GBP,48,0.00263455628745191,48,0.00262983316753895,1533449276690881027
C:PKR-JPY,48,0.562733477011494,48,0.561724632484762,1468788641886880338
C:PKR-USD,48,0.00361529940888759,48,0.00358018516011658,1753437904343552583
C:PKR-ZAR,48,0.0588686884478737,48,0.0588200080244034,1771912989568508779
C:PLN-CHF,48,0.216,48,0.21584,1636068818411546371
C:PLN-CZK,48,5.743,48,5.7316,1497614301873610520
C:PLN-DKK,48,1.7633,48,1.7622,1674178070728592471
C:PLN-EUR,48,0.23598,48,0.23584,1619235186310343815
C:PLN-GBP,48,0.20426,48,0.20414,1658686384779727725
C:PLN-HUF,48,83.987,48,83.627,1590232477793118937
C:PLN-ILS,48,0.807200331535661,48,0.806699690436921,1706132339909194729
C:PLN-JPY,48,43.558,48,43.533,1735188220593421373
C:PLN-MXN,48,4.7816,48,4.7773,1611317125451752917
C:PLN-NOK,48,2.5587,48,2.5559,1777507412721107607
C:PLN-SEK,48,2.5683,48,2.5658,1649991840334138561
C:PLN-USD,48,0.277915544849086,48,0.277260732293483,1610506353174554039
C:PYG-USD,48,0.0001671697845804989,48,0.000161228813559322,1585449765895135679
C:QAR-AED,48,1.00846511627907,48,1.007302325581395,1565448014069831848
C:QAR-GBP,48,0.2017739273927393,48,0.2013309549945115,1551374497291931788
C:QAR-PKR,48,76.6208791208791,48,76.4835164835165,1601126480216838195
C:QAR-USD,48,0.275027502750275,48,0.274423710208562,1514473401772641349
C:QAR-ZAR,48,4.49967906976744,48,4.49595813953488,1486166981641185130
C:RON-CHF,48,0.1754556116925298,48,0.1750607615446935,1749594588812292388
C:RON-GBP,48,0.1659294929628293,48,0.1655560806553245,1753411690134583514
C:RON-USD,48,0.225550342836521,48,0.2250427581240436,1749829244878794222
C:RON-ZAR,48,3.70729317033562,48,3.69895017553335,1722235968249064285
C:RSD-GBP,48,0.00744400447619868,48,0.00729332883528717,1480804049729507054
C:RSD-USD,48,0.01015365412757166,48,0.00994813190520368,1500798195981605980
C:RUB-CAD,48,0.01839332737998717,48,0.01838190791802654,1755563057800547403
C:RUB-CHF,48,0.01045169813394572,48,0.01045089191422157,1529107000878370732
C:RUB-DKK,48,0.085503977,48,0.085503977,1543206773530446928
C:RUB-EUR,48,0.01158077591198611,48,0.01131861912846633,1538494295217226409
C:RUB-GBP,48,0.00988563522165744,48,0.00988461927614608,1515339048066480261
C:RUB-JPY,48,2.108050418373488,48,2.107833774292229,1704551907240515037
C:RUB-KRW,48,19.63984987489337,48,19.63783148994625,1663052377113354113
C:RUB-MXN,48,0.231406261062604,48,0.231311479528331,1658218002466885931
C:RUB-NOK,48,0.1253862188766648,48,0.1225478211658178,1545680603909766037
C:RUB-PLN,48,0.0491129125651419,48,0.0480011318619129,1758306421485604443
C:RUB-SEK,48,0.1242720554474775,48,0.1242592840236805,1663771320692881108
C:RUB-USD,48,0.01343768593266968,48,0.01343630494334525,1498937990728281263
C:RUB-ZAR,48,0.22095083008069,48,0.2207681186893199,1688742607946453450
C:RWF-GBP,48,0.000505831773514272,48,0.000497108530696712,1652342672172708035
C:RWF-USD,48,0.000689956715021058,48,0.000678058174292941,1724141605431944172
C:RWF-ZAR,48,0.01131416705662143,48,0.01111905035640377,1474087591334137949
C:SAR-EUR,48,0.230435984883399,48,0.2227369921596579,1709126021954776742
C:SAR-JPY,48,42.5741218355877,48,41.1516970593631,1652198148721560077
C:SAR-KWD,48,0.0831873905429072,48,0.0804080541696365,1759243306115979451
C:SAR-PKR,48,74.3336886993603,48,74.2004264392324,1768939764417803577
C:SAR-USD,48,0.271810765969214,48,0.262729419101924,1726523313617918343
C:SCR-GBP,48,0.0497420204658012,48,0.0488429887433564,1696120940933454795
C:SCR-USD,48,0.0678483298916889,48,0.0666220467548898,1684632932785057486
C:SEK-AUD,48,0.149517,48,0.149438,1712110879575277156
C:SEK-CAD,48,0.1480011618640196,48,0.1479293664757197,1669866395474412810
C:SEK-CHF,48,0.084138,48,0.084084,1505731631647566598
C:SEK-CZK,48,2.235535758111677,48,2.234451299342634,1661634429390793085
C:SEK-DKK,48,0.68688,48,0.68652,1712975141362312707
C:SEK-EUR,48,0.09192,48,0.091875,1624735751361345856
C:SEK-GBP,48,0.079568,48,0.079527,1778148236663329532
C:SEK-ILS,48,0.314896724355778,48,0.314701419378919,1576245498752489390
C:SEK-INR,48,10.22071358756185,48,10.22065946721769,1580175095601150565
C:SEK-JPY,48,16.9675,48,16.9592,1729414656536178842
C:SEK-NOK,48,0.99671,48,0.99572,1623648380720043597
C:SEK-PLN,48,0.38975,48,0.38937,1536652846248558685
C:SEK-RUB,48,8.06242406002778,48,8.06242406002778,1562010259035283073
C:SEK-USD,48,0.108162,48,0.108114,1476009290420250208
C:SEK-ZAR,48,1.77844,48,1.77626,1674573664686805095
C:SGD-AED,48,2.90137829519604,48,2.89803291850662,1653218076203939175
C:SGD-ARS,48,1105.567681126885,48,1105.561649986095,1596124174250364649
C:SGD-AUD,48,1.09013,48,1.08992,1515943713981730788
C:SGD-BRL,48,3.88003387665338,48,3.87106788271542,1750022020586712008
C:SGD-CAD,48,1.07915,48,1.07892,1486548873693402755
C:SGD-CHF,48,0.613505154984604,48,0.613304115611042,1662542151675010679
C:SGD-CNY,48,5.36284567526436,48,5.36245140635719,1524481310777030930
C:SGD-DKK,48,5.008,48,5.007,1633463906034361104
C:SGD-EUR,48,0.67017,48,0.67007,1537722976893906693
C:SGD-GBP,48,0.58011,48,0.58001,1776085296563105757
C:SGD-HKD,48,6.17438825393953,48,6.17289386126273,1489772858788284509
C:SGD-IDR,48,13697.50682036806,48,13686.46807436961,1701591082103788758
C:SGD-INR,48,74.1191718454023,48,74.0128277558074,1497035853285962711
C:SGD-JPY,48,123.709,48,123.689,1730945354989734415
C:SGD-KRW,48,1153.339641984071,48,1151.76247929974,1693589989378806144
C:SGD-MXN,48,13.5801,48,13.5735,1645311794243545199
C:SGD-MYR,48,3.09284855176765,48,3.08890510085376,1672158151989512398
C:SGD-NOK,48,7.26476738107684,48,7.26374510001005,1617748499270861869
C:SGD-NZD,48,1.32567,48,1.32514,1542176665612968079
C:SGD-PKR,48,220.1089101096993,48,219.7143082629627,1713393093393441237
C:SGD-PLN,48,2.84163,48,2.83981,1610855868023992126
C:SGD-SEK,48,7.29394301874022,48,7.29040472576554,1670796812646305546
C:SGD-THB,48,25.4502877023953,48,25.4034524287435,1495239916303179020
C:SGD-TRY,48,35.7692843835029,48,35.7642510135022,1656930619987450156
C:SGD-TWD,48,24.6967602036665,48,24.6932849333594,1553648664988194812
C:SGD-USD,48,0.78863109414678,48,0.788488074117879,1680508544073765191
C:SGD-ZAR,48,12.96555966044625,48,12.9556868945341,1570065241912228084
C:SHP-USD,48,1.3635,48,1.3632,1546351961182165714
C:SOS-GBP,48,0.001367657757393642,48,0.001214053067527727,1509850200201792847
C:SOS-USD,48,0.00186549106436818,48,0.001655973606626422,1501941324585212870
C:SVC-GBP,48,0.0860125323254426,48,0.082093221947978,1588612798923879126
C:SVC-USD,48,0.117321464093893,48,0.1119755078792481,1777744476428742966
C:SZL-CHF,48,0.0479933986482947,48,0.0470082619182019,1590606848425016679
C:SZL-EUR,48,0.0523916802011841,48,0.0513162621234669,1519388969557474941
C:SZL-GBP,48,0.0453067532875779,48,0.0443767639965105,1665713200872093002
C:SZL-USD,48,0.0617986063813067,48,0.0605300969877354,1512841810916520357
C:SZL-ZAR,48,1.013396552627443,48,0.992595063375584,1495638033981045244
C:THB-AUD,48,0.0428060942557167,48,0.0428003052390601,1707656725885659422
C:THB-CAD,48,0.0423700760466279,48,0.0423648133042128,1709002881523264976
C:THB-CHF,48,0.0240902034049943,48,0.0240823092913717,1767513302076639130
C:THB-CNY,48,0.2106877323420075,48,0.2106722428748451,1662169199246303060
C:THB-EUR,48,0.0263379688158449,48,0.0262894999737105,1721186592650456048
C:THB-GBP,48,0.0227731247366203,48,0.0227312161522688,1726304199482160340
C:THB-HKD,48,0.242446648948767,48,0.242387969370839,1651430260649658836
C:THB-IDR,48,539.452846008136,48,539.018103903363,1664217307901741021
C:THB-INR,48,2.93220507406142,48,2.93218954755768,1655497261557607589
C:THB-JPY,48,4.85764281767229,48,4.85711654343078,1572854658880219341
C:THB-KRW,48,45.3082403965304,48,45.246282527881,1701995055119031334
C:THB-MYR,48,0.1215215370312984,48,0.1213665943600868,1753681780507405284
C:THB-NZD,48,0.0519954910138673,48,0.0519772892929506,1641184249918909765
C:THB-PKR,48,8.65611421477343,48,8.64059590316574,1610287009597531288
C:THB-SGD,48,0.0392692682156672,48,0.0392637423361314,1570074816010578223
C:THB-TWD,48,0.970600991325898,48,0.969671623296159,1632206358380155107
C:THB-USD,48,0.0309885342423303,48,0.0309693403530505,1554800339342594805
C:THB-ZAR,48,0.5091340157356,48,0.508712996342394,1609037954939806887
C:TJS-USD,48,0.10870526868739,48,0.1062571503211451,1657624168377587772
C:TMT-USD,48,0.298507462686567,48,0.273972602739726,1563826446781132947
C:TND-GBP,48,0.25426933254925,48,0.251899213515875,1530168422427463418
C:TND-USD,48,0.349406009783368,48,0.348432055749129,1642479185735482817
C:TND-ZAR,48,5.7235499650594,48,5.70759581881533,1651570799181724186
C:TRY-CHF,48,0.01716826632332573,48,0.01712884950664482,1649800669774014279
C:TRY-DKK,48,0.1401660694214975,48,0.1398442605586094,1722288276411819935
C:TRY-JPY,48,3.46247447077025,48,3.45452493650125,1730741586734009583
C:TRY-PLN,48,0.07952,48,0.0793,1707463347677535046
C:TRY-SGD,48,0.0279608819327005,48,0.0279569473428216,1541940121172970740
C:TRY-USD,48,0.02204950113003693,48,0.02204464039680353,1507541044058087447
C:TRY-ZAR,48,0.362499696852781,48,0.362223667530177,1657343576143470488
C:TTD-GBP,48,0.1105419915633389,48,0.1064594361689031,1712184104796042026
C:TTD-USD,48,0.1507797520132941,48,0.1452111288932661,1553075490888427787
C:TWD-AUD,48,0.0441442281261975,48,0.0441382581428024,1730357595151634334
C:TWD-CAD,48,0.0436945798313961,48,0.0436891525737642,1564732702551943578
C:TWD-CHF,48,0.0248432718099374,48,0.0248351309234896,1726221228386499392
C:TWD-CNY,48,0.2171733299271938,48,0.2171573636479755,1664992177269350671
C:TWD-DKK,48,0.2028848918564902,48,0.2026906258976733,1739672818578099712
C:TWD-EUR,48,0.0271492923548768,48,0.0271232964156905,1538932517153027356
C:TWD-GBP,48,0.0234992492252644,48,0.0234767482684881,1582120310667444488
C:TWD-HKD,48,0.250025618214331,48,0.249965104291736,1575168091116647088
C:TWD-IDR,48,554.732405160302,48,554.285349342189,1730221135377960779
C:TWD-INR,48,3.015257376421,48,3.01524141014178,1473592774063291165
C:TWD-JPY,48,5.00949447566739,48,5.0089517499042,1766721849362447310
C:TWD-KRW,48,46.7029633414229,48,46.6390982245498,1643001319601579158
C:TWD-MYR,48,0.1252235279090561,48,0.1250638651168732,1696011128614850040
C:TWD-NZD,48,0.053677111221101,48,0.0536583208264146,1554269440037477027
C:TWD-PKR,48,8.9059905479627,48,8.89002426874441,1758715271437198725
C:TWD-SEK,48,0.295360858027845,48,0.295217578426364,1628290590055075609
C:TWD-SGD,48,0.0404968396346915,48,0.0404911410141781,1674443439526521745
C:TWD-THB,48,1.032210129007536,48,1.030310588836378,1711528040415853243
C:TWD-USD,48,0.0319478610907,48,0.0319172704350324,1631041504140786166
C:TWD-ZAR,48,0.525049727806872,48,0.524615547196321,1533811013492527109
C:TZS-GBP,48,0.000286860611689776,48,0.000277650420599756,1648950628756262007
C:TZS-USD,48,0.000391279108339415,48,0.000378716368072947,1580950049560207783
C:TZS-ZAR,48,0.00634217164898746,48,0.00633734233365477,1589588915960472435
C:UAH-DKK,48,0.145483335377117,48,0.1438038837678667,1732454501980150801
C:UAH-USD,48,0.0229594766356595,48,0.0226944337021624,1693024384055477091
C:UGX-ZAR,48,0.00443334861333945,48,0.00434374578935549,1713438867681336111
C:USD-AED,48,3.6735,48,3.6715,1616375590062584677
C:USD-ALL,48,82.9977533805265,48,78.7588487134924,1603709350229459413
C:USD-ARS,48,1402.0424,48,1402.0324,1777520462822584673
C:USD-AUD,48,1.382361072712193,48,1.382246426892987,1621551018741989707
C:USD-AWG,48,1.8125,48,1.7925,1534558930266175533
C:USD-BAM,48,1.692848967826714,48,1.623330931287356,1515947724777336293
C:USD-BBD,48,2.051121190284431,48,1.96634309694375,1674203076724618573
C:USD-BDT,48,123.903183417405,48,120.8511720571405,1630901756014922346
C:USD-BHD,48,0.387605442753593,48,0.365563138485016,1536604593181052808
C:USD-BIF,48,2992.24280445933,48,2944.76707218855,1718498984240324840
C:USD-BND,48,1.285829341698105,48,1.243440295027765,1670218058767167668
C:USD-BOB,48,7.0611673943453,48,6.72205502098258,1737116385968211226
C:USD-BRL,48,4.9163,48,4.9133,1622069130957673288
C:USD-BSD,48,1.003263956593616,48,0.991395023525921,1776695674374938909
C:USD-BWP,48,13.52549701157221,48,13.25420711288203,1488108749603337869
C:USD-BZD,48,2.048238735110847,48,1.963460641770167,1639578028070701889
C:USD-CAD,48,1.3688,48,1.3683,1576834518988979900
C:USD-CDF,48,2340,48,2190,1469047279380605913
C:USD-CHF,48,0.77783,48,0.77777,1751605329657816864
C:USD-CLP,48,893.18,48,892.18,1575096827998298847
C:USD-CNH,48,6.79418,48,6.7941,1553135493175405721
C:USD-CNY,48,6.801,48,6.8005,1537599056316632579
C:USD-COP,48,3752.21,48,3748.71,1774245802432810902
C:USD-CRC,48,470.348861854097,48,446.610995718706,1713506583089375434
C:USD-CUP,48,23.96168030181,48,23.9108134458056,1557406549384959611
C:USD-CVE,48,93.4805646221017,48,93.4805646221017,1722410010162642254
C:USD-CZK,48,20.683,48,20.653,1743048891350218160
C:USD-DJF,48,181.4166419397228,48,173.7866135390615,1572918696875670106
C:USD-DKK,48,6.35048,48,6.34995,1556341438655660885
C:USD-DOP,48,59.9889788478657,48,58.6325293544148,1550545462108082440
C:USD-DZD,48,132.7506252384384,48,131.9028443050316,1703385700423088373
C:USD-EGP,48,52.9027,48,52.8427,1632406517783958216
C:USD-ETB,48,155.938535882328,48,155.5146454156246,1555901261735327880
C:USD-EUR,48,0.8499,48,0.8497,1519319868963092701
C:USD-FJD,48,2.1949,48,2.1711,1626126698920518746
C:USD-GBP,48,0.73563,48,0.73558,1554708284258356156
C:USD-GHS,48,11.25598745284219,48,11.21359840617185,1577078406549398083
C:USD-GMD,48,75,48,72,1612807055227405662
C:USD-GNF,48,8827.09507863168,48,8674.49451061846,1585820056045778001
C:USD-GTQ,48,7.78432453054131,48,7.44521215717859,1733821393581911313
C:USD-GYD,48,217.1506082828197,48,200.1949896146836,1738428676147358511
C:USD-HKD,48,7.82927,48,7.82869,1553604562384218226
C:USD-HNL,48,26.9373913780679,48,26.0896104446611,1614249551337093216
C:USD-HTG,48,131.4230002967234,48,129.7274384299098,1677064858133186653
C:USD-HUF,48,302.86,48,300.943,1744671554929845285
C:USD-IDR,48,17372,48,17358,1702245147390853302
C:USD-ILS,48,2.9022,48,2.9004,1663451474110049198
C:USD-INR,48,94.4258,48,94.4253,1748138434050961523
C:USD-IQD,48,1331.948624475436,48,1281.081768471027,1603907504256184339
C:USD-ISK,48,122.35,48,121.75,1631593019074515621
C:USD-JMD,48,158.7130685430885,48,155.661057182824,1683498616883510679
C:USD-JPY,48,156.879,48,156.858,1692833237867372575
C:USD-KES,48,129.85,48,127.85,1678939891210668133
C:USD-KHR,48,4086.30409902081,48,3916.74791233945,1473172540097456110
C:USD-KMF,48,419,48,417,1558769175373122427
C:USD-KRW,48,1462.55,48,1460.55,1553872519755785977
C:USD-KWD,48,0.30816,48,0.30716,1643007598336861418
C:USD-KYD,48,0.84812004578017,48,0.814208808443898,1630500944994842128
C:USD-KZT,48,463.490314102836,48,458.403628502395,1483891470968874412
C:USD-LAK,48,22083.84553431394,48,21659.95506761053,1674552844802964475
C:USD-LBP,48,89345.6826755966,48,89277.8602009241,1682506967579676474
C:USD-LKR,48,324.064261794752,48,318.129795260905,1708879469841455940
C:USD-LRD,48,185.299478614726,48,180.7214615743292,1526405117400590178
C:USD-LSL,48,16.55690729515493,48,16.16692806578781,1719928620275053839
C:USD-LYD,48,6.33207579161545,48,6.28120893561104,1621520862901920145
C:USD-MAD,48,9.40969013606884,48,8.83319910135221,1540541037486244677
C:USD-MDL,48,17.3091433173668,48,16.80047475732271,1529267896603923324
C:USD-MGA,48,4208.38455343139,48,4123.60646009071,1480922793878179151
C:USD-MKD,48,52.6344792505617,48,51.8714764104955,1637417528178378395
C:USD-MOP,48,8.21101267432496,48,7.87190030096223,1538415045611847902
C:USD-MUR,48,47.82,48,45.82,1497344109573283669
C:USD-MVR,48,15.55,48,15.25,1573291951580562178
C:USD-MWK,48,1732.440337416812,48,1725.658089949557,1631389747799384979
C:USD-MXN,48,17.22053,48,17.21417,1773382158098050735
C:USD-MYR,48,3.9215,48,3.9165,1754389983899359222
C:USD-MZN,48,64.56,48,63.26,1510995804551828609
C:USD-NAD,48,16.55690729515493,48,16.16692806578781,1681375617440130997
C:USD-NGN,48,1357.5,48,1356.5,1773122780441422422
C:USD-NIO,48,37.1243270738841,48,36.2765461404773,1516709441650656008
C:USD-NOK,48,9.21698,48,9.20696,1468059939034794350
C:USD-NPR,48,152.130897376118,48,149.2484422025349,1674203766101140234
C:USD-NZD,48,1.68104,48,1.68056,1523206528212474392
C:USD-OMR,48,0.385952269933449,48,0.383408927133229,1685495669299221772
C:USD-PAB,48,1.018524013394939,48,0.976134966724598,1525018587653086778
C:USD-PEN,48,3.5160866432114,48,3.38044169386631,1617383967791456880
C:USD-PGK,48,4.47204442372091,48,4.33639947437582,1627526032356010148
C:USD-PHP,48,60.51,48,60.49,1694114634139909434
C:USD-PKR,48,279.315162561994,48,276.602263575092,1599018569618032889
C:USD-PLN,48,3.60406,48,3.60082,1480562041002129983
C:USD-PYG,48,6202.36530880421,48,5981.94226611844,1735938841151889044
C:USD-QAR,48,3.7726251536603,48,3.51829087363825,1503319340943528231
C:USD-RON,48,4.4436,48,4.4336,1507552365575304333
C:USD-RSD,48,100.5213852740452,48,98.4867110338689,1586172298529565722
C:USD-RUB,48,74.4252236173965,48,74.4175749463531,1479716385046809589
C:USD-RWF,48,1474.799711754483,48,1449.366283752279,1587275227689650388
C:USD-SAR,48,3.8106861180771,48,3.72428650751359,1616981883715072491
C:USD-SCR,48,15.01004620406088,48,14.7387563053707,1564272426313977509
C:USD-SDG,48,603,48,598,1506160019309597665
C:USD-SEK,48,9.2495,48,9.24541,1682926875489569754
C:USD-SGD,48,1.26825,48,1.26802,1605997070373084695
C:USD-SOS,48,603.874358865669,48,536.051884193124,1651807735929276773
C:USD-SVC,48,8.93052435250731,48,8.52358950447205,1548321503805397102
C:USD-SZL,48,16.52070704929846,48,16.18159467593574,1767710279444122805
C:USD-THB,48,32.29,48,32.27,1629846198074351646
C:USD-TJS,48,9.41113136365563,48,9.19918613030393,1754119907961332335
C:USD-TMT,48,3.65,48,3.35,1670198137581675040
C:USD-TND,48,2.91043194438557,48,2.88330295451655,1614976438913445890
C:USD-TRY,48,45.3625,48,45.3525,1495731214305219995
C:USD-TTD,48,6.8865245220635,48,6.63219024204146,1619736372774747716
C:USD-TWD,48,31.331,48,31.301,1551623933858524740
C:USD-TZS,48,2592.515,48,2592.485,1644277407474620883
C:USD-UAH,48,44.0636683480989,48,43.5549997880548,1671372386788591670
C:USD-UGX,48,3775.16849646052,48,3698.8682124539,1700902745324943753
C:USD-UYU,48,40.2865499554915,48,39.2692128354033,1487007076676355135
C:USD-UZS,48,12127.50625238439,48,12068.16158704591,1491169491933726998
C:USD-VND,48,26310,48,26306,1521303855736380412
C:USD-XPF,48,101.1063541180959,48,101.1063541180959,1489172009819369354
C:USD-YER,48,238.9,48,238.35,1476230843102320428
C:USD-ZAR,48,16.44208,48,16.42956,1544333682443677089
C:USD-ZMW,48,19.03013861218262,48,18.94536051884194,1627727423451575964
C:UYU-EUR,48,0.02147,48,0.02102,1765627371139827755
C:UYU-GBP,48,0.01866947322970639,48,0.01819802188552189,1750354134414081037
C:UYU-USD,48,0.02539,48,0.02476,1552178231809884573
C:UZS-USD,48,0.0000828626624517035,48,0.0000824571828032157,1553795960431945822
C:VND-CAD,48,0.0000520183608302288,48,0.0000520104522995059,1660802740985956662
C:VND-EUR,48,0.0000323059378088649,48,0.0000323010262257697,1724210384894945087
C:VND-JPY,48,0.00595622671633848,48,0.00595532117065755,1505524623530344680
C:VND-USD,48,0.0000380141412605489,48,0.0000380083618396047,1563920024268102258
C:XAG-ARS,48,112247.51,48,112225.06,1519425730925992344
C:XAG-AUD,48,110.9,48,110.46,1563718918202217589
C:XAG-BRL,48,393.51,48,393.43,1570990658352816833
C:XAG-CAD,48,109.56,48,109.53,1587632403507746509
C:XAG-CNY,48,544.49,48,544.38,1726007019440128977
C:XAG-EUR,48,68.04,48,68.02,1644297760054400044
C:XAG-GBP,48,59,48,58.77,1682627014295640345
C:XAG-INR,48,7574.36,48,7544.12,1772530853460454221
C:XAG-JPY,48,12582.7,48,12532.47,1776207447594981330
C:XAG-KRW,48,117016.03,48,116992.63,1775812275277828767
C:XAG-MXN,48,1378.52,48,1378.24,1619191825480383959
C:XAG-RUB,48,5958.12,48,5956.93,1743870264102258638
C:XAG-SAR,48,299.05,48,298.99,1549054540540885612
C:XAG-TRY,48,3631.46,48,3630.73,1607368979670421796
C:XAG-USD,48,80.0438,48,79.9842,1492609790207670654
C:XAG-ZAR,48,1318.33,48,1313.07,1682239502305851396
C:XAU-ARS,48,6579915.3,48,6578599.5,1537148838615239261
C:XAU-AUD,48,6493.3,48,6480.3,1481275249286968052
C:XAU-BRL,48,23067.4,48,23062.8,1759347147340508596
C:XAU-CAD,48,6422.1,48,6420.9,1550410507792469754
C:XAU-CNY,48,31917.8,48,31911.4,1579226376197457943
C:XAU-EUR,48,3988.3,48,3987.5,1509632689336327381
C:XAU-GBP,48,3455.6,48,3448.6,1599904931558152549
C:XAU-INR,48,443563.3,48,442677.1,1777985972488858816
C:XAU-JPY,48,736195.6,48,736048.4,1685132431371278745
C:XAU-KRW,48,6859444.5,48,6858072.8,1471548831109179922
C:XAU-MXN,48,80808.5,48,80792.3,1614245914077196324
C:XAU-RUB,48,349263.3,48,349193.5,1760148857504437755
C:XAU-SAR,48,17530.2,48,17526.7,1564012571984806574
C:XAU-USD,48,4692.43,48,4691.25,1524248594906305829
C:XAU-ZAR,48,77203.3,48,77049,1489733942000635138
C:XPF-GBP,48,0.00726572839506173,48,0.00721230392156863,1665122293826330269
C:XPF-USD,48,0.00987654320987654,48,0.00980392156862745,1542865495130147419
C:YER-GBP,48,0.0030771973987833,48,0.00307011301799916,1701302250813701995
C:YER-USD,48,0.00419551080344032,48,0.00418585182084554,1560272600657907452
C:ZAR-AED,48,0.2235300275844272,48,0.223359818222512,1749105123350904042
C:ZAR-ARS,48,85.2925858334152,48,85.2921205415997,1702447798030814666
C:ZAR-AUD,48,0.084138,48,0.084065,1529350695582800546
C:ZAR-BRL,48,0.299374971550584,48,0.298683174966989,1684985090217505264
C:ZAR-BWP,48,0.816961177533102,48,0.816285605898509,1696217528848939255
C:ZAR-CAD,48,0.083291,48,0.083217,1474725247480438600
C:ZAR-CHF,48,0.0473356076485656,48,0.0473200962533776,1645785531568623291
C:ZAR-CNY,48,0.413779131015152,48,0.413748710552646,1525448558357598056
C:ZAR-COP,48,229.864496683503,48,224.6945876222037,1640539051554439213
C:ZAR-CZK,48,1.258377062894517,48,1.256551829036428,1620893619331274683
C:ZAR-DKK,48,0.386511568173463,48,0.386217254751224,1495280182128953229
C:ZAR-EGP,48,3.21814461251549,48,3.21569412142503,1774209355349846013
C:ZAR-EUR,48,0.051726,48,0.051683,1684127675965823108
C:ZAR-GBP,48,0.044775,48,0.044737,1702786521486539015
C:ZAR-GHS,48,0.686408826068749,48,0.6838238715381,1537905085421450942
C:ZAR-HKD,48,0.476517934746883,48,0.476155085001411,1708889827459586733
C:ZAR-HUF,48,18.46280005501375,48,18.27842127087963,1578302310544631965
C:ZAR-IDR,48,1056.798348737372,48,1055.946680715133,1777792431567398668
C:ZAR-ILS,48,0.1768272360980538,48,0.1767175644610279,1630877609501552907
C:ZAR-INR,48,5.74424530959045,48,5.74421489287537,1714773251551655398
C:ZAR-JPY,48,9.5482,48,9.5402,1499069547642647750
C:ZAR-KES,48,7.932191472752,48,7.77709420091301,1611410779794033011
C:ZAR-KRW,48,88.9807564778818,48,88.8590775520634,1524881657540699399
C:ZAR-MAD,48,0.573818546531767,48,0.538663164914929,1728950343758000579
C:ZAR-MWK,48,105.6470916676576,48,105.2334989427536,1535646227562884587
C:ZAR-MXN,48,1.047949549470588,48,1.04715157692944,1508095322102477787
C:ZAR-MYR,48,0.238615343425985,48,0.238311103538918,1609381188025723065
C:ZAR-NAD,48,1.00966772994463,48,0.985886148262652,1549830570438703768
C:ZAR-NGN,48,82.5950299338509,48,82.5321370532195,1590156068584135224
C:ZAR-NOK,48,0.560694869491332,48,0.560267922306667,1715997209174480040
C:ZAR-NZD,48,0.102318,48,0.102208,1647844931457766330
C:ZAR-PHP,48,3.68449801423708,48,3.68145118359862,1719573905780521436
C:ZAR-PKR,48,17.0010177418731,48,16.98695905014884,1606797517719581916
C:ZAR-PLN,48,0.21933,48,0.21904,1502798180176200127
C:ZAR-RON,48,0.270346977532837,48,0.269738581238093,1474298287631109875
C:ZAR-RUB,48,4.52963954187275,48,4.52589383635629,1759017534802174960
C:ZAR-RWF,48,89.935738030368,48,88.3847653119782,1530137737190550091
C:ZAR-SEK,48,0.562854696047855,48,0.562426104239853,1733648827113539836
C:ZAR-SGD,48,0.0771861814923833,48,0.0771274072380137,1731212283495077523
C:ZAR-SZL,48,1.007460178775455,48,0.986780542530257,1744899473259067610
C:ZAR-THB,48,1.966703367639566,48,1.963084112270336,1655888540860495449
C:ZAR-TND,48,0.1752051181871459,48,0.1747167415510842,1581065958084469614
C:ZAR-TRY,48,2.76072518071087,48,2.75862299660384,1772286359949621854
C:ZAR-TWD,48,1.905972200339086,48,1.904147197434289,1470867387515423107
C:ZAR-UGX,48,230.216050499672,48,225.563132344502,1740895940170723103
C:ZAR-USD,48,0.0608659026778563,48,0.060819555676654,1540891216362245249
C:ZMW-USD,48,0.0527833713697588,48,0.0525482247070878,1641001651706789681
C:ZMW-ZAR,48,0.863651507148279,48,0.862993870348707,1550715005378606109
